NOC,Year,Total_Final_Score
AFG,1936,6.08
AFG,1948,9.82
AFG,1956,4.800000000000001
AFG,1960,6.12
AFG,1964,3.2
AFG,1968,2.02
AFG,1972,3.24
AFG,1980,4.18
AFG,1988,1.9
AFG,1996,0.76
AFG,2004,1.9900000000000002
AFG,2008,4.3890540540540535
AFG,2012,5.109054054054054
AFG,2016,1.145
AFG,2020,2.0670270270270272
AFG,2024,2.8000000000000003
AHO,1952,4.18
AHO,1960,1.9400000000000002
AHO,1964,1.6800000000000002
AHO,1968,2.0300000000000002
AHO,1972,0.8
AHO,1976,1.52
AHO,1984,7.755
AHO,1988,5.205335008375209
AHO,1992,1.6056700167504188
AHO,1996,2.820670016750419
AHO,2000,3.2053350083752097
AHO,2004,0.94
AHO,2008,1.1600000000000001
AIN,2024,52.739612406652846
ALB,1972,1.905
ALB,1992,3.47
ALB,1996,6.390288253663223
ALB,2000,2.075
ALB,2004,2.870288253663224
ALB,2008,4.9455765073264475
ALB,2012,6.9750000000000005
ALB,2016,2.495
ALB,2020,4.0200000000000005
ALB,2024,7.08086476098967
ALG,1964,2.9400000000000004
ALG,1968,3.424910557699053
ALG,1972,2.748894748634477
ALG,1980,24.40145764852816
ALG,1984,16.88684615662411
ALG,1988,24.230155191384622
ALG,1992,28.16189634176869
ALG,1996,40.23850744540053
ALG,2000,38.63792636747745
ALG,2004,34.8142397526092
ALG,2008,30.008715579166754
ALG,2012,32.75388488307536
ALG,2016,45.74613899404783
ALG,2020,20.921738393147038
ALG,2024,50.37330800652461
AND,1976,1.06
AND,1980,0.7200000000000001
AND,1984,0.7200000000000001
AND,1988,1.6
AND,1992,3.245
AND,1996,3.1300000000000003
AND,2000,1.83
AND,2004,2.29
AND,2008,1.9100000000000001
AND,2012,2.21
AND,2016,1.53
AND,2020,1.23
AND,2024,1.6550000000000002
ANG,1980,6.59
ANG,1988,12.875
ANG,1992,14.370000000000001
ANG,1996,11.845
ANG,2000,12.295
ANG,2004,11.8
ANG,2008,12.735000000000001
ANG,2012,13.885000000000002
ANG,2016,11.030000000000001
ANG,2020,8.08
ANG,2024,10.365
ANT,1976,6.46
ANT,1984,10.98
ANT,1988,10.120000000000001
ANT,1992,7.025
ANT,1996,7.4750000000000005
ANT,2000,1.61
ANT,2004,1.9500000000000002
ANT,2008,1.985
ANT,2012,1.57
ANT,2016,3.5500000000000003
ANT,2020,2.415
ANT,2024,1.9900000000000002
ARG,1920,0.42996141704665036
ARG,1924,105.74302262591145
ARG,1928,141.72833628086443
ARG,1932,41.87958288529783
ARG,1936,96.29314912514099
ARG,1948,172.7980391667977
ARG,1952,104.79391462318068
ARG,1956,26.315329242343786
ARG,1960,62.07396078210557
ARG,1964,77.41394451135453
ARG,1968,61.94408837549911
ARG,1972,55.33927999967297
ARG,1976,42.89740431418105
ARG,1984,56.80999021528635
ARG,1988,89.85241265342545
ARG,1992,56.74915074611535
ARG,1996,218.5111229166583
ARG,2000,184.7930047614136
ARG,2004,361.60074953746073
ARG,2008,310.3918827045629
ARG,2012,210.27374475246722
ARG,2016,276.42855573063804
ARG,2020,212.22841930759697
ARG,2024,134.03008934271816
ARM,1996,37.150711145232364
ARM,2000,15.249171106712724
ARM,2004,16.325350675634816
ARM,2008,32.61961034403634
ARM,2012,52.738870531230475
ARM,2016,43.720572483390995
ARM,2020,30.430129377028695
ARM,2024,28.65378402542705
ARU,1988,4.715
ARU,1992,1.985
ARU,1996,1.2200000000000002
ARU,2000,1.9900000000000002
ARU,2004,1.645
ARU,2008,0.76
ARU,2012,1.565
ARU,2016,2.8400000000000003
ARU,2020,1.685
ARU,2024,2.75
ASA,1988,2.4000000000000004
ASA,1992,1.2600000000000002
ASA,1996,2.785
ASA,2000,1.645
ASA,2004,1.225
ASA,2008,1.53
ASA,2012,1.525
ASA,2016,1.525
ASA,2020,2.325
ASA,2024,0.805
AUS,1920,69.1738810454571
AUS,1924,119.20317388193355
AUS,1928,54.820353594136066
AUS,1932,64.42964669229272
AUS,1936,33.98452036359054
AUS,1948,186.99239755265225
AUS,1952,229.10949546687934
AUS,1956,711.8062650607466
AUS,1960,571.4101751451151
AUS,1964,500.3133865545433
AUS,1968,463.2585354980317
AUS,1972,444.9829526097262
AUS,1976,310.8868642826951
AUS,1980,242.03132765174365
AUS,1984,465.78010383411004
AUS,1988,477.4540063467746
AUS,1992,820.9843366316591
AUS,1996,1251.403276144359
AUS,2000,1973.140575823826
AUS,2004,1819.8279923765353
AUS,2008,1517.480291707303
AUS,2012,1241.2424458691182
AUS,2016,1068.2364402223277
AUS,2020,1573.4502140913655
AUS,2024,1413.087812940791
AUT,1924,37.456557994167646
AUT,1928,80.50665762129347
AUT,1932,70.12667029362692
AUT,1936,371.28371449681794
AUT,1948,134.03290410307102
AUT,1952,121.19435773531978
AUT,1956,47.427026708964185
AUT,1960,107.18259033063903
AUT,1964,54.58504102372321
AUT,1968,40.51101663077127
AUT,1972,77.00935086028264
AUT,1976,50.25041509882499
AUT,1980,63.1609494464617
AUT,1984,81.33545522532748
AUT,1988,56.00381948050931
AUT,1992,111.41922601160908
AUT,1996,61.44799863159764
AUT,2000,92.0789838454211
AUT,2004,90.41177250760761
AUT,2008,75.81237985561484
AUT,2012,49.35560479380687
AUT,2016,44.57736323367919
AUT,2020,64.12254792128722
AUT,2024,87.49974166791121
AZE,1996,22.03253301647409
AZE,2000,34.91169915859744
AZE,2004,41.27867932680758
AZE,2008,54.04171423017624
AZE,2012,75.84557006433036
AZE,2016,110.36474123306557
AZE,2020,49.261720999797376
AZE,2024,53.14553430886696
BAH,1952,7.230161920714684
BAH,1956,8.232204213839475
BAH,1960,9.907742389994281
BAH,1964,17.247311833597436
BAH,1968,12.163653952487733
BAH,1972,34.58763280592534
BAH,1976,28.410319990172408
BAH,1984,44.8989216060144
BAH,1988,26.994998035689015
BAH,1992,28.813224378246378
BAH,1996,105.50316713082317
BAH,2000,131.9966611269072
BAH,2004,63.998491049617556
BAH,2008,82.98134015457931
BAH,2012,83.2109629169837
BAH,2016,58.60666112690721
BAH,2020,28.7856419446558
BAH,2024,16.019566497136676
BAN,1984,0.76
BAN,1988,4.42
BAN,1992,3.345
BAN,1996,1.525
BAN,2000,2.38
BAN,2004,1.365
BAN,2008,1.9500000000000002
BAN,2012,2.705
BAN,2016,2.755
BAN,2020,3.055
BAN,2024,1.905
BAR,1968,5.140096111489328
BAR,1972,8.00048055744664
BAR,1976,6.755720836169957
BAR,1984,9.755720836169958
BAR,1988,10.290576668935966
BAR,1992,8.530576668935966
BAR,1996,10.53524027872332
BAR,2000,13.910913059148614
BAR,2004,6.885144167233992
BAR,2008,4.010192222978656
BAR,2012,3.2801922229786555
BAR,2016,5.0053844459573105
BAR,2020,3.640288334467983
BAR,2024,1.6100961114893277
BDI,1996,8.786794081134115
BDI,2000,5.486537783829242
BDI,2004,2.8312814865243685
BDI,2008,1.2705125946097473
BDI,2012,4.260768891914621
BDI,2016,7.621794081134116
BDI,2020,6.441025189219494
BDI,2024,3.1012814865243685
BEL,1920,1382.622960216801
BEL,1924,369.04526468436006
BEL,1928,184.7441714606231
BEL,1932,31.31140540223799
BEL,1936,131.67519387321093
BEL,1948,143.71697103505878
BEL,1952,145.1744543710923
BEL,1956,51.82159741000147
BEL,1960,79.21105175088375
BEL,1964,52.786376912948754
BEL,1968,58.50263652675253
BEL,1972,64.98935581494943
BEL,1976,105.64700932567759
BEL,1980,49.14622892121083
BEL,1984,61.78828448409525
BEL,1988,47.058396410491284
BEL,1992,71.68496503601115
BEL,1996,69.36804152076446
BEL,2000,68.9529297633714
BEL,2004,62.76733179702432
BEL,2008,87.76705425217021
BEL,2012,119.34776967765308
BEL,2016,175.57956491280527
BEL,2020,260.25729600906186
BEL,2024,182.45323474946247
BEN,1972,1.1400000000000001
BEN,1980,6.505
BEN,1984,1.1800000000000002
BEN,1988,3.93
BEN,1992,2.75
BEN,1996,2.825
BEN,2000,1.605
BEN,2004,1.6500000000000001
BEN,2008,2.0700000000000003
BEN,2012,1.985
BEN,2016,2.33
BEN,2020,2.795
BEN,2024,1.9900000000000002
BER,1936,32.26
BER,1948,10.985000000000001
BER,1952,5.880000000000001
BER,1956,19.5
BER,1960,21.82
BER,1964,1.56
BER,1968,2.3200000000000003
BER,1972,3.4202104524728165
BER,1976,9.485420904945633
BER,1984,5.1850000000000005
BER,1988,5.565210452472817
BER,1992,11.225
BER,1996,3.93
BER,2000,2.75
BER,2004,3.9960803324099725
BER,2008,5.431080332409973
BER,2012,6.197160664819945
BER,2016,6.971080332409972
BER,2020,6.736080332409973
BER,2024,6.053240997229917
BHU,1984,2.335
BHU,1988,2.4400000000000004
BHU,1992,4.75
BHU,1996,0.805
BHU,2000,0.8450000000000001
BHU,2004,0.8450000000000001
BHU,2008,0.805
BHU,2012,0.77
BHU,2016,0.81
BHU,2020,1.61
BHU,2024,1.185
BIH,1992,5.17
BIH,1996,4.45
BIH,2000,4.03
BIH,2004,4.03
BIH,2008,2.5450000000000004
BIH,2012,2.93
BIH,2016,4.4
BIH,2020,3.2150000000000003
BIH,2024,2.46
BIZ,1968,2.7
BIZ,1972,0.8400000000000001
BIZ,1976,1.6
BIZ,1984,5.0200000000000005
BIZ,1988,6.98
BIZ,1992,8.885
BIZ,1996,1.995
BIZ,2000,0.8450000000000001
BIZ,2004,0.805
BIZ,2008,1.565
BIZ,2012,1.145
BIZ,2016,1.145
BIZ,2020,1.565
BIZ,2024,0.42000000000000004
BLR,1996,479.23297705017535
BLR,2000,227.03093894448506
BLR,2004,236.59725000821354
BLR,2008,304.91285101089784
BLR,2012,232.1651915726571
BLR,2016,120.45832248813936
BLR,2020,101.60164275582265
BOL,1936,0.76
BOL,1964,0.42000000000000004
BOL,1968,1.6800000000000002
BOL,1972,5.48
BOL,1976,1.94
BOL,1984,5.965
BOL,1988,4.66
BOL,1992,8.185
BOL,1996,3.5100000000000002
BOL,2000,1.9900000000000002
BOL,2004,4.375
BOL,2008,2.755
BOL,2012,1.9500000000000002
BOL,2016,4.67
BOL,2020,1.9100000000000001
BOL,2024,1.53
BOT,1980,3.088970405670578
BOT,1984,3.1678491049617556
BOT,1988,4.3900917063794
BOT,1992,2.405606503544111
BOT,1996,2.7867278042529335
BOT,2000,3.668970405670578
BOT,2004,4.856213007088223
BOT,2008,4.317849104961756
BOT,2012,6.108363902126466
BOT,2016,10.087334307797045
BOT,2020,23.57733430779704
BOT,2024,53.649062112049975
BRA,1920,53.79156028537635
BRA,1924,7.855833852329179
BRA,1932,26.821094225078557
BRA,1936,37.01585853463836
BRA,1948,69.67850216459382
BRA,1952,66.87037589765838
BRA,1956,43.970409077965144
BRA,1960,73.66966175392963
BRA,1964,55.47280741046552
BRA,1968,63.80486891330789
BRA,1972,67.15226200338007
BRA,1976,57.30483590738215
BRA,1980,139.7467606820314
BRA,1984,267.88387807605017
BRA,1988,254.62907072375623
BRA,1992,286.6871345701393
BRA,1996,419.7831323497548
BRA,2000,414.59724245327567
BRA,2004,489.3928703640354
BRA,2008,582.5345561488583
BRA,2012,550.8268470571517
BRA,2016,739.033455507661
BRA,2020,588.1654588795184
BRA,2024,547.013621609809
BRN,1984,5.360656761843739
BRN,1988,6.361970285531217
BRN,1992,5.86525409474991
BRN,1996,1.9006567618437389
BRN,2000,1.5313135236874775
BRN,2004,4.098940571062433
BRN,2008,7.022881142124866
BRN,2012,7.417224380281127
BRN,2016,22.424526516240462
BRN,2020,16.183537903968602
BRN,2024,25.146932795611175
BRU,1996,0.42000000000000004
BRU,2000,0.8
BRU,2004,0.38
BRU,2012,1.145
BRU,2016,1.185
BRU,2020,0.76
BRU,2024,1.145
BUL,1924,13.818831720298823
BUL,1928,4.0886583061329675
BUL,1932,0.76
BUL,1936,34.49443605969805
BUL,1952,79.80770850266522
BUL,1956,88.04131968255817
BUL,1960,129.60831868020063
BUL,1964,116.76044505094849
BUL,1968,198.44166624216683
BUL,1972,227.7337010694988
BUL,1976,352.23818789594344
BUL,1980,538.1433793222758
BUL,1988,375.2178900199133
BUL,1992,309.3430321322675
BUL,1996,319.7778236018297
BUL,2000,233.64063583002647
BUL,2004,162.23504641462304
BUL,2008,114.947303975671
BUL,2012,66.19749960272
BUL,2016,42.718816708477476
BUL,2020,78.29543989400409
BUL,2024,58.849819493629354
BUR,1972,0.3800480557446638
BUR,1988,3.5103363902126468
BUR,1992,1.6001441672339916
BUR,1996,1.9901922229786555
BUR,2000,1.5650961114893276
BUR,2004,2.0701441672339915
BUR,2008,2.4150961114893277
BUR,2012,1.9550961114893277
BUR,2016,1.9500961114893278
BUR,2020,4.935144167233991
BUR,2024,4.035096111489327
CAF,1968,0.38
CAF,1984,1.1800000000000002
CAF,1988,5.74
CAF,1992,8.115
CAF,1996,2.0300000000000002
CAF,2000,1.23
CAF,2004,1.61
CAF,2008,1.185
CAF,2012,2.455
CAF,2016,2.415
CAF,2020,0.765
CAF,2024,1.53
CAM,1956,0.76
CAM,1964,5.7
CAM,1972,6.47
CAM,1996,2.0300000000000002
CAM,2000,1.6900000000000002
CAM,2004,1.61
CAM,2008,1.6500000000000001
CAM,2012,2.375
CAM,2016,2.34
CAM,2020,1.145
CAM,2024,1.145
CAN,1920,141.99040703561246
CAN,1924,149.64591115753834
CAN,1928,252.53926680495655
CAN,1932,295.08698537139566
CAN,1936,178.9196012736204
CAN,1948,103.80484736973004
CAN,1952,93.91443181969288
CAN,1956,163.71111134441523
CAN,1960,124.78781611309259
CAN,1964,123.45589462059095
CAN,1968,221.29743635856408
CAN,1972,280.7034497013618
CAN,1976,409.83486332822673
CAN,1984,756.5284520956661
CAN,1988,536.3090917374273
CAN,1992,569.4570415149628
CAN,1996,503.30290806859307
CAN,2000,408.7112753494402
CAN,2004,386.27945699333105
CAN,2008,486.57041701171283
CAN,2012,453.10764397102866
CAN,2016,553.2951737664449
CAN,2020,780.8843674290547
CAN,2024,693.5713737380138
CAY,1976,0.76
CAY,1984,5.565
CAY,1988,28.645
CAY,1992,11.26
CAY,1996,3.585
CAY,2000,1.5750000000000002
CAY,2004,3.1750000000000003
CAY,2008,2.4850000000000003
CAY,2012,2.9400000000000004
CAY,2016,1.9900000000000002
CAY,2020,3.535
CAY,2024,1.9100000000000001
CGO,1964,0.76
CGO,1972,3.24
CGO,1980,9.85
CGO,1984,5.2700000000000005
CGO,1988,4.015000000000001
CGO,1992,3.845
CGO,1996,1.9900000000000002
CGO,2000,1.9900000000000002
CGO,2004,1.995
CGO,2008,1.9900000000000002
CGO,2012,2.875
CGO,2016,3.975
CGO,2020,1.23
CGO,2024,1.61
CHA,1964,0.8400000000000001
CHA,1968,1.6800000000000002
CHA,1972,1.94
CHA,1984,1.1400000000000001
CHA,1988,2.3600000000000003
CHA,1992,2.79
CHA,1996,1.605
CHA,2000,1.27
CHA,2004,0.42500000000000004
CHA,2008,0.8450000000000001
CHA,2012,0.81
CHA,2016,0.805
CHA,2020,1.23
CHA,2024,1.185
CHI,1920,0.7603844459573104
CHI,1924,8.882179202618678
CHI,1928,22.987039978220473
CHI,1936,27.573427749835435
CHI,1948,28.135098961911694
CHI,1952,53.843226646974436
CHI,1956,33.918632033438776
CHI,1960,6.050386508577632
CHI,1964,9.368923613131688
CHI,1968,14.530860447143024
CHI,1972,5.163248068461242
CHI,1976,3.583522726441129
CHI,1984,26.625333477775357
CHI,1988,12.467199431366538
CHI,1992,7.888069489345856
CHI,1996,18.291774442359316
CHI,2000,73.19982418356439
CHI,2004,44.95985805654822
CHI,2008,36.85708392665237
CHI,2012,17.666065740332545
CHI,2016,18.62873517150817
CHI,2020,29.88997085736092
CHI,2024,30.392192818770617
CHN,1932,0.8466957670898243
CHN,1936,25.304215446503978
CHN,1948,12.78841442926684
CHN,1952,0.4329008133121437
CHN,1984,751.7987461944126
CHN,1988,825.6083305971011
CHN,1992,998.6678932465652
CHN,1996,1133.2228621561017
CHN,2000,1315.2885404395245
CHN,2004,1657.6987379435495
CHN,2008,2184.3601848613916
CHN,2012,1518.8839561219097
CHN,2016,1127.2598382390177
CHN,2020,1537.4367768756185
CHN,2024,1822.1230066783141
CIV,1964,4.000672780425294
CIV,1968,4.500768891914621
CIV,1972,5.260768891914622
CIV,1976,4.511057226382604
CIV,1984,12.725865003403948
CIV,1988,15.065961114893277
CIV,1992,7.121345560850587
CIV,1996,5.305672780425294
CIV,2000,7.372572256790852
CIV,2004,2.0816111418975742
CIV,2008,8.622933949327166
CIV,2012,5.836803364876229
CIV,2016,14.62492953718205
CIV,2020,16.021060121632985
CIV,2024,10.770410094628689
CMR,1964,0.760640743262184
CMR,1968,5.542845801304891
CMR,1972,7.084136673672994
CMR,1976,1.56
CMR,1980,11.524447659460352
CMR,1984,23.82359568409465
CMR,1988,9.185088402722535
CMR,1992,4.763524087942013
CMR,1996,7.576369889246903
CMR,2000,135.36700657311815
CMR,2004,18.46977741693518
CMR,2008,21.637135069695486
CMR,2012,12.632436669639109
CMR,2016,8.568166172935983
CMR,2020,4.677214443886442
CMR,2024,2.3806407432621843
COD,1968,3.04
COD,1984,3.465
COD,1988,8.315000000000001
COD,1992,7.470000000000001
COD,1996,5.46
COD,2000,1.19
COD,2004,2.325
COD,2008,1.945
COD,2012,1.525
COD,2016,1.53
COD,2020,2.7600000000000002
COD,2024,2.335
COK,1988,3.05
COK,1992,0.8400000000000001
COK,1996,1.2650000000000001
COK,2000,0.805
COK,2004,1.225
COK,2008,5.384999999999999
COK,2012,3.5650000000000004
COK,2016,3.6050000000000004
COK,2020,3.48
COK,2024,0.805
COL,1932,0.7604965760281927
COL,1936,3.802979456169156
COL,1948,13.82198630411277
COL,1956,24.98404730573927
COL,1960,9.217033800814372
COL,1964,15.867185188983544
COL,1968,27.8559040428344
COL,1972,39.5396594465934
COL,1976,20.920072885831004
COL,1980,11.783476032197349
COL,1984,24.000756125356844
COL,1988,32.604032452866775
COL,1992,27.74702426729235
COL,1996,32.84992362487071
COL,2000,30.11174765547143
COL,2004,48.708931934121836
COL,2008,57.42441886038219
COL,2012,87.06542741174358
COL,2016,107.08661617784077
COL,2020,49.263225267211645
COL,2024,65.48226739286766
COM,1996,1.565
COM,2000,0.805
COM,2004,1.185
COM,2008,1.185
COM,2012,1.23
COM,2016,1.57
COM,2020,1.145
COM,2024,1.905
CPV,1996,1.225
CPV,2000,0.8450000000000001
CPV,2004,1.2252104524728167
CPV,2008,0.805
CPV,2012,1.19
CPV,2016,1.9952104524728167
CPV,2020,2.3752104524728166
CPV,2024,4.515420904945633
CRC,1936,0.38
CRC,1964,0.76
CRC,1968,15.275411330279518
CRC,1972,1.6400000000000001
CRC,1976,4.187056651397588
CRC,1980,15.003290642236143
CRC,1984,12.646233990838553
CRC,1988,23.810283256987937
CRC,1992,11.640822660559035
CRC,1996,17.85664532111807
CRC,2000,15.077056651397589
CRC,2004,17.760822660559036
CRC,2008,3.2108226605590353
CRC,2012,4.475822660559036
CRC,2016,4.865411330279518
CRC,2020,6.980822660559035
CRC,2024,2.4158226605590354
CRO,1992,84.36543087711449
CRO,1996,242.18213092774096
CRO,2000,115.38159792739273
CRO,2004,206.92739788773525
CRO,2008,163.7919449236364
CRO,2012,240.22461518748923
CRO,2016,178.15316783984136
CRO,2020,113.69466454936958
CRO,2024,141.08192818059678
CUB,1924,5.08249338508191
CUB,1928,0.3852060390052461
CUB,1932,1.1400000000000001
CUB,1948,56.25358893786606
CUB,1952,32.12412135956397
CUB,1956,11.38246296495053
CUB,1960,17.32805849479784
CUB,1964,40.61361206598195
CUB,1968,167.22378337919614
CUB,1972,182.06358367072215
CUB,1976,224.22722054444463
CUB,1980,261.4498455419134
CUB,1992,546.4257669823842
CUB,1996,549.1043075181381
CUB,2000,576.8709026533228
CUB,2004,468.6256945534516
CUB,2008,355.5735709774435
CUB,2012,138.8095944636906
CUB,2016,141.04045951477792
CUB,2020,116.25110048205757
CUB,2024,69.83464085613537
CYP,1980,5.833350083752094
CYP,1984,4.640000000000001
CYP,1988,4.516340033500838
CYP,1992,7.641340033500838
CYP,1996,9.702010050251257
CYP,2000,9.746340033500838
CYP,2004,8.457010050251256
CYP,2008,10.697680067001675
CYP,2012,10.441340033500836
CYP,2016,11.936340033500837
CYP,2020,12.937680067001676
CYP,2024,14.672680067001675
CZE,1996,166.7516855592826
CZE,2000,136.7142383909944
CZE,2004,182.9631516174028
CZE,2008,160.39888524592956
CZE,2012,181.32409833112345
CZE,2016,146.21185674654598
CZE,2020,137.78535082581988
CZE,2024,146.84141901219465
DEN,1920,582.2473637843434
DEN,1924,229.0136837397064
DEN,1928,171.60374079067878
DEN,1932,99.00695281904271
DEN,1936,125.73457642326933
DEN,1948,327.5258076394299
DEN,1952,186.2064784920465
DEN,1956,82.72928466827882
DEN,1960,171.58156314894708
DEN,1964,129.10686340394236
DEN,1968,202.79451799272198
DEN,1972,136.41971953584226
DEN,1976,96.24949158287647
DEN,1980,86.59984050700696
DEN,1984,93.62816344174057
DEN,1988,129.8650895066711
DEN,1992,135.61568865454404
DEN,1996,234.70073441600567
DEN,2000,259.0158083478894
DEN,2004,237.5657934873645
DEN,2008,183.14524903429057
DEN,2012,258.0352191261846
DEN,2016,315.5133539957329
DEN,2020,254.55523914973853
DEN,2024,272.7989295221451
DJI,1984,2.0401441672339917
DJI,1988,6.040240278723319
DJI,1992,4.060240278723319
DJI,1996,2.8801441672339916
DJI,2000,0.8050961114893277
DJI,2008,0.7650961114893277
DJI,2012,1.5700961114893277
DJI,2016,2.805288334467983
DJI,2020,1.9051441672339915
DJI,2024,2.7501922229786553
DMA,1996,2.2908009290777303
DMA,2000,1.530320371631092
DMA,2004,0.8053203716310922
DMA,2008,0.8403203716310923
DMA,2012,0.8053203716310922
DMA,2016,3.8053203716310926
DMA,2020,3.8453203716310926
DMA,2024,7.610320371631093
DOM,1964,0.42115333787193154
DOM,1968,9.381590348137777
DOM,1972,1.980812274368231
DOM,1976,4.403081756319286
DOM,1980,2.7506051536451968
DOM,1984,11.169917221198618
DOM,1988,7.018373439394576
DOM,1992,13.07880946833526
DOM,1996,6.352269481951055
DOM,2000,11.197929821463841
DOM,2004,27.896283832574287
DOM,2008,28.939923373979322
DOM,2012,37.46635040285176
DOM,2016,17.190370906255698
DOM,2020,107.83568661620556
DOM,2024,46.75135655563247
ECU,1924,1.6024348243962998
ECU,1968,15.751185213425522
ECU,1972,1.6400000000000001
ECU,1976,3.240288253663224
ECU,1980,7.105608706099075
ECU,1984,5.910605597388609
ECU,1988,8.76960891529481
ECU,1992,18.224260942693522
ECU,1996,18.9324348243963
ECU,2000,9.278811677864011
ECU,2004,16.75944947402525
ECU,2008,16.93127559232247
ECU,2012,14.48143192488157
ECU,2016,16.057489895810157
ECU,2020,46.891013916915405
ECU,2024,49.095053046103985
EGY,1920,9.511806525489769
EGY,1924,17.512971756457308
EGY,1928,37.0717385476463
EGY,1936,48.817009711865424
EGY,1948,90.7445043584518
EGY,1952,81.1468378150618
EGY,1956,2.4400000000000004
EGY,1964,30.553301864234257
EGY,1968,14.019504935245799
EGY,1972,10.130960059443682
EGY,1976,9.976965862886795
EGY,1984,61.705865587426985
EGY,1988,25.472591322011592
EGY,1992,32.048547157582604
EGY,1996,13.17428712706696
EGY,2000,40.476693898021
EGY,2004,59.203682859896226
EGY,2008,53.25064987130277
EGY,2012,66.7702236263697
EGY,2016,62.85843452133979
EGY,2020,100.98574491323646
EGY,2024,100.39635438523449
EOR,2020,13.965420904945633
EOR,2024,22.120420904945632
ERI,2000,1.1451441672339915
ERI,2004,4.605240278723319
ERI,2008,5.170528613191302
ERI,2012,5.705528613191302
ERI,2016,5.745528613191302
ERI,2020,5.545432501701975
ERI,2024,4.695384445957311
ESA,1932,1.52
ESA,1968,47.33
ESA,1972,7.08
ESA,1984,5.95
ESA,1988,2.825
ESA,1992,2.335
ESA,1996,4.015000000000001
ESA,2000,4.065
ESA,2004,4.555
ESA,2008,5.73
ESA,2012,4.33
ESA,2016,3.855
ESA,2020,2.795
ESA,2024,3.505
ESP,1920,125.34901804181081
ESP,1924,92.50110425290958
ESP,1928,78.90418489226698
ESP,1932,5.891597090461205
ESP,1948,57.224079364543364
ESP,1952,27.074383359279874
ESP,1956,4.861845043806906
ESP,1960,152.19683470892903
ESP,1964,43.22283676459403
ESP,1968,70.10193111559623
ESP,1972,95.7934518748522
ESP,1976,197.02085212820165
ESP,1980,311.11924357631585
ESP,1984,263.33215956406104
ESP,1988,301.08931805472605
ESP,1992,771.6678887295889
ESP,1996,620.4187259951469
ESP,2000,557.4981105922172
ESP,2004,555.6602372489948
ESP,2008,631.5935955057184
ESP,2012,509.07698698142826
ESP,2016,447.9327572686308
ESP,2020,482.10009604060315
ESP,2024,632.4775694966758
EST,1920,31.351527019201225
EST,1924,52.73521252570426
EST,1928,46.390885232110605
EST,1932,7.2276709073805945
EST,1936,51.916065330072115
EST,1992,44.42250262570706
EST,1996,55.170167492345634
EST,2000,36.79102251723483
EST,2004,39.00281294631302
EST,2008,41.24499231529403
EST,2012,28.941608166824896
EST,2016,46.271929631858185
EST,2020,54.61768988383369
EST,2024,13.162081400605775
ETH,1956,28.917439429738497
ETH,1960,15.023730727644066
ETH,1964,28.269977974450363
ETH,1968,38.547461455288136
ETH,1972,30.36242841696368
ETH,1980,42.98991189780145
ETH,1992,24.75620319570702
ETH,1996,36.01120319570702
ETH,2000,59.216181170157384
ETH,2004,82.61618117015738
ETH,2008,97.03117015738256
ETH,2012,78.75991189780144
ETH,2016,54.92365363822034
ETH,2020,30.358653638220336
ETH,2024,38.46740639141404
EUN,1992,2487.7517092672215
FIJ,1956,1.94
FIJ,1960,1.1800000000000002
FIJ,1968,0.38
FIJ,1972,1.52
FIJ,1976,2.1100000000000003
FIJ,1984,13.08
FIJ,1988,18.895
FIJ,1992,16.205000000000002
FIJ,1996,10.755
FIJ,2000,6.2
FIJ,2004,3.4400000000000004
FIJ,2008,2.29
FIJ,2012,3.6350000000000002
FIJ,2016,105.90071428571429
FIJ,2020,120.57571428571428
FIJ,2024,82.74593406593407
FIN,1920,616.6011647028272
FIN,1924,758.081388439238
FIN,1928,474.22049319691956
FIN,1932,319.4989178295609
FIN,1936,481.0096512732651
FIN,1948,701.4853117679199
FIN,1952,647.7240283505818
FIN,1956,232.04583858244357
FIN,1960,178.39932317201072
FIN,1964,160.64213625407453
FIN,1968,103.5779397840919
FIN,1972,127.11145807786998
FIN,1976,118.80636610389855
FIN,1980,130.30808555791432
FIN,1984,105.0144607831785
FIN,1988,103.65231917758656
FIN,1992,125.0891713266748
FIN,1996,103.18332834951576
FIN,2000,72.93804990683086
FIN,2004,47.53042391778512
FIN,2008,53.31748181449921
FIN,2012,48.681320424571624
FIN,2016,37.239587674943216
FIN,2020,24.649270610815
FIN,2024,26.1065635749046
FRA,1920,1133.2224427273588
FRA,1924,1247.9919039308622
FRA,1928,667.0493925301855
FRA,1932,495.48589031352964
FRA,1936,489.30513405228174
FRA,1948,656.0601282078991
FRA,1952,502.9077559231309
FRA,1956,377.78725105584925
FRA,1960,335.03813864804437
FRA,1964,309.362822701759
FRA,1968,390.8200722606436
FRA,1972,359.9533664800261
FRA,1976,348.6077400869312
FRA,1980,350.5117663346608
FRA,1984,592.4786277716277
FRA,1988,470.20765451027944
FRA,1992,590.0180190741646
FRA,1996,636.6597571861837
FRA,2000,827.4699618215473
FRA,2004,769.8816849702763
FRA,2008,879.8726250755375
FRA,2012,924.611804740424
FRA,2016,941.0714950358483
FRA,2020,1267.7453549766376
FRA,2024,1574.904757883984
FRG,1968,704.0528958780059
FRG,1972,987.8379647213711
FRG,1976,836.7719941484432
FRG,1984,1209.355958109208
FRG,1988,1148.4505971565843
FSM,2000,1.9500000000000002
FSM,2004,1.87
FSM,2008,1.9900000000000002
FSM,2012,2.29
FSM,2016,1.955
FSM,2020,1.225
FSM,2024,1.225
GAB,1972,0.38
GAB,1984,1.57
GAB,1988,0.805
GAB,1992,1.945
GAB,1996,3.545
GAB,2000,2.37
GAB,2004,1.9100000000000001
GAB,2008,1.5720270270270271
GAB,2012,11.672027027027026
GAB,2016,4.172027027027027
GAB,2020,1.912027027027027
GAB,2024,1.9170270270270269
GAM,1984,6.19
GAM,1988,2.365
GAM,1992,3.12
GAM,1996,4.7250000000000005
GAM,2000,0.8450000000000001
GAM,2004,1.185
GAM,2008,1.185
GAM,2012,0.805
GAM,2016,1.605
GAM,2020,2.0300000000000002
GAM,2024,3.1
GBR,1920,878.7808076250412
GBR,1924,640.9021859245527
GBR,1928,462.2387367825304
GBR,1932,307.8314850584142
GBR,1936,329.8947695020363
GBR,1948,563.9846500937018
GBR,1952,363.6817903563978
GBR,1956,406.3030814923462
GBR,1960,392.10713312361054
GBR,1964,387.66259330264194
GBR,1968,393.89762344404875
GBR,1972,460.3562069422694
GBR,1976,426.9005925011764
GBR,1980,421.79567822177097
GBR,1984,665.3906512211486
GBR,1988,693.0541131779678
GBR,1992,623.1344748645264
GBR,1996,516.9014550012537
GBR,2000,751.9094878771032
GBR,2004,773.1014511132703
GBR,2008,1021.7578214941046
GBR,2012,1500.7073151403808
GBR,2016,1573.9940238263187
GBR,2020,1583.1637135118663
GBR,2024,1456.8118794220552
GBS,1996,1.2200000000000002
GBS,2000,1.2650000000000001
GBS,2004,1.19
GBS,2008,1.185
GBS,2012,1.57
GBS,2016,1.9900000000000002
GBS,2020,1.605
GBS,2024,2.3600000000000003
GDR,1968,797.2753115593893
GDR,1972,1356.805132470769
GDR,1976,1879.827501009129
GDR,1980,2111.864024860242
GDR,1988,1764.34955910513
GEO,1996,34.59494774525626
GEO,2000,48.674957962624354
GEO,2004,57.23932530471024
GEO,2008,53.062697963624814
GEO,2012,58.453430739368905
GEO,2016,71.74690255504026
GEO,2020,64.98038040899917
GEO,2024,84.15260583834505
GEQ,1984,1.94
GEQ,1988,2.79
GEQ,1992,3.095
GEQ,1996,3.085
GEQ,2000,1.53
GEQ,2004,0.805
GEQ,2008,1.185
GEQ,2012,0.805
GEQ,2016,0.42000000000000004
GEQ,2020,1.145
GEQ,2024,1.145
GER,1928,572.5341034028182
GER,1932,372.98938824759676
GER,1936,1643.8801218196293
GER,1952,494.86073831054586
GER,1956,477.78641723578625
GER,1960,898.1863025870874
GER,1964,1049.332179061454
GER,1992,2203.1536322727784
GER,1996,1797.669272850593
GER,2000,1592.600328983481
GER,2004,1536.517509958788
GER,2008,1291.4355644951022
GER,2012,1196.8976585218861
GER,2016,1328.896206048302
GER,2020,965.1553613532827
GER,2024,976.942958392832
GHA,1952,3.42
GHA,1960,10.366313574184497
GHA,1964,17.53993344341104
GHA,1968,15.434585958677106
GHA,1972,18.003533696313024
GHA,1984,10.441313574184496
GHA,1988,8.424209049456332
GHA,1992,52.13073420211699
GHA,1996,17.689324646856694
GHA,2000,11.129209049456332
GHA,2004,11.392220122128526
GHA,2008,3.4313135741844967
GHA,2012,2.7131567870922484
GHA,2016,5.861052262364083
GHA,2020,8.053156787092249
GHA,2024,4.23
GRE,1920,96.74684583020684
GRE,1924,60.88136644308566
GRE,1928,19.201013039839165
GRE,1932,6.548879765240628
GRE,1936,25.410781182715272
GRE,1948,38.43324776295526
GRE,1952,22.412411865370164
GRE,1956,8.318493946665798
GRE,1960,42.14071801423351
GRE,1964,16.454356286419923
GRE,1968,27.354208075370185
GRE,1972,38.13322932328744
GRE,1976,24.936296271538037
GRE,1980,34.800589081565626
GRE,1984,40.8611000685132
GRE,1988,39.26963748542893
GRE,1992,57.92413494326155
GRE,1996,164.47166470814673
GRE,2000,209.41982243107967
GRE,2004,376.11140854165836
GRE,2008,130.73473231007162
GRE,2012,66.28535464537033
GRE,2016,100.08564514788635
GRE,2020,127.21235147619612
GRE,2024,115.83434643212453
GRN,1984,2.3258009290777304
GRN,1988,2.716201393616595
GRN,1992,1.9070023226943256
GRN,1996,1.9420023226943255
GRN,2000,1.1858009290777303
GRN,2004,2.0312013936165956
GRN,2008,3.5682037163109213
GRN,2012,11.63740278723319
GRN,2016,10.766601858155461
GRN,2020,10.77160185815546
GRN,2024,11.67160185815546
GUA,1932,0.385
GUA,1952,16.436060820679483
GUA,1968,33.80917229006897
GUA,1972,11.981426619900333
GUA,1976,10.894249754821837
GUA,1980,3.9642497548218376
GUA,1984,27.93464925321873
GUA,1988,17.100946062453694
GUA,1992,18.557549852893104
GUA,1996,18.889826423757803
GUA,2000,18.00916869577209
GUA,2004,7.501330508411006
GUA,2008,5.321234396921678
GUA,2012,20.333222633318396
GUA,2016,11.832564905332685
GUA,2020,13.313414856297051
GUA,2024,14.15388036130411
GUI,1968,5.74
GUI,1980,3.92
GUI,1984,0.42000000000000004
GUI,1988,2.7800000000000002
GUI,1992,4.3500000000000005
GUI,1996,2.0650000000000004
GUI,2000,2.375
GUI,2004,1.605
GUI,2008,1.955
GUI,2012,1.53
GUI,2016,1.915
GUI,2020,1.955
GUI,2024,9.605
GUM,1988,12.69
GUM,1992,17.785
GUM,1996,8.35
GUM,2000,2.83
GUM,2004,1.565
GUM,2008,4.63
GUM,2012,5.135
GUM,2016,1.9900000000000002
GUM,2020,1.995
GUM,2024,3.58
GUY,1948,2.7
GUY,1952,0.38
GUY,1956,2.29
GUY,1960,2.2852104524728167
GUY,1964,0.38
GUY,1968,2.280420904945633
GUY,1972,1.520420904945633
GUY,1980,5.730841809891266
GUY,1984,4.770631357418449
GUY,1988,3.1256313574184498
GUY,1992,2.7454209049456333
GUY,1996,3.5852104524728166
GUY,2000,1.645
GUY,2004,1.57
GUY,2008,1.61
GUY,2012,2.37
GUY,2016,2.7600000000000002
GUY,2020,2.8002104524728164
GUY,2024,2.035
HAI,1924,22.44949919428603
HAI,1928,4.860288334467982
HAI,1932,3.020192222978655
HAI,1960,0.38
HAI,1972,2.6656727804252935
HAI,1976,5.3360572263826045
HAI,1984,1.1500961114893276
HAI,1988,2.025384445957311
HAI,1992,3.120288334467983
HAI,1996,2.740288334467983
HAI,2000,2.030288334467983
HAI,2004,3.2453844459573107
HAI,2008,2.800384445957311
HAI,2012,1.9903844459573108
HAI,2016,3.895288334467983
HAI,2020,2.340096111489328
HAI,2024,4.600192222978656
HKG,1952,3.558028886603721
HKG,1956,1.601346171823876
HKG,1960,1.560336542955969
HKG,1964,20.81025445610182
HKG,1968,9.988176423755583
HKG,1972,9.010721068429346
HKG,1976,19.760536337653814
HKG,1984,34.50208597168442
HKG,1988,36.39657868798073
HKG,1992,29.44663023294877
HKG,1996,18.863060203542563
HKG,2000,21.50835389524203
HKG,2004,31.085635192607853
HKG,2008,26.463498941925405
HKG,2012,24.534596902005692
HKG,2016,20.43838194897877
HKG,2020,84.81310688188213
HKG,2024,57.20035280192045
HON,1968,2.2800000000000002
HON,1976,1.1800000000000002
HON,1984,9.985
HON,1988,7.345000000000001
HON,1992,10.805
HON,1996,6.614999999999999
HON,2000,7.61
HON,2004,1.9100000000000001
HON,2008,11.850000000000001
HON,2012,9.715
HON,2016,8.865
HON,2020,10.855
HON,2024,1.605
HUN,1924,221.32875375537702
HUN,1928,445.6251008477103
HUN,1932,433.33627125904536
HUN,1936,604.0875685105901
HUN,1948,722.2301236196429
HUN,1952,1516.1048038924675
HUN,1956,1094.227254981326
HUN,1960,778.2919154679779
HUN,1964,690.0823574072173
HUN,1968,775.7101505529043
HUN,1972,810.0017310232934
HUN,1976,619.572616890128
HUN,1980,598.4422875761754
HUN,1988,587.82769888117
HUN,1992,714.8990190233573
HUN,1996,627.7147688954783
HUN,2000,619.4692720799682
HUN,2004,618.5851923271872
HUN,2008,538.7515392415764
HUN,2012,503.9229509822428
HUN,2016,393.4381575948224
HUN,2020,368.72379691257464
HUN,2024,357.2142676413564
INA,1952,1.1460469314079422
INA,1956,9.176046931407942
INA,1960,10.322093862815885
INA,1968,2.378140794223827
INA,1972,2.8090951955908383
INA,1976,4.327143459773734
INA,1984,8.864237322589618
INA,1988,33.12157250631998
INA,1992,56.09604486274587
INA,1996,58.19936619009582
INA,2000,65.3727172483177
INA,2004,36.8763988883268
INA,2008,56.69685047323933
INA,2012,32.17584320574628
INA,2016,44.47368120593112
INA,2020,39.58618535516055
INA,2024,36.3074394021786
IND,1920,2.6641640231566046
IND,1924,9.261420100257475
IND,1928,113.15693866775048
IND,1932,131.0348520629243
IND,1936,147.75215431754592
IND,1948,201.26064848318498
IND,1952,175.1117863815552
IND,1956,189.43355533161176
IND,1960,110.75532635136379
IND,1964,170.16710166062182
IND,1968,67.96650356383653
IND,1972,49.38801431962951
IND,1976,25.701072531702586
IND,1980,130.89526523503787
IND,1984,50.68376722091428
IND,1988,32.68389601888103
IND,1992,27.030301806275926
IND,1996,24.301234393593838
IND,2000,34.621087135336175
IND,2004,46.63404816650669
IND,2008,44.82340955201716
IND,2012,64.95818928602584
IND,2016,71.08612039472146
IND,2020,128.4126323151672
IND,2024,114.28170723916826
IOA,1992,71.67124877410919
IOA,2000,1.565
IOA,2012,3.4450000000000003
IOA,2016,12.794807126511932
IRI,1948,19.642786087075972
IRI,1952,34.9161390677544
IRI,1956,35.256139067754404
IRI,1960,28.313771648950812
IRI,1964,59.666040380712346
IRI,1968,27.717169885869264
IRI,1972,40.83977156871921
IRI,1976,50.64644717886788
IRI,1988,17.54061016385541
IRI,1992,30.311460002358828
IRI,1996,20.51275928816751
IRI,2000,47.13514877997289
IRI,2004,47.94464676511103
IRI,2008,42.50637272885986
IRI,2012,82.15895496946656
IRI,2016,77.07464058404061
IRI,2020,72.4518734496529
IRI,2024,71.90333625960339
IRL,1924,39.33725067700425
IRL,1928,26.3655511446421
IRL,1932,26.934541699795876
IRL,1948,37.597256094838414
IRL,1952,13.481694450382872
IRL,1956,28.64591626883179
IRL,1960,34.12322970571951
IRL,1964,19.478241409974345
IRL,1968,32.11020756667602
IRL,1972,36.819761166549036
IRL,1976,29.816641617618785
IRL,1980,36.84502966706832
IRL,1984,27.264142659138784
IRL,1988,83.01108775049484
IRL,1992,87.36785125138084
IRL,1996,98.46842421457323
IRL,2000,40.97148155831443
IRL,2004,28.169685392316865
IRL,2008,36.88969821591724
IRL,2012,49.86904667704892
IRL,2016,56.879568415016074
IRL,2020,101.51182889365289
IRL,2024,119.11764826131645
IRQ,1948,4.94
IRQ,1960,12.761353790613718
IRQ,1964,7.541895306859206
IRQ,1968,1.5602707581227437
IRQ,1980,17.00135379061372
IRQ,1984,9.900541516245488
IRQ,1988,10.76
IRQ,1992,3.1213537906137185
IRQ,1996,1.1802707581227438
IRQ,2000,3.2499999999999996
IRQ,2004,9.125270758122744
IRQ,2008,1.565
IRQ,2012,3.135270758122744
IRQ,2016,7.600270758122743
IRQ,2020,1.185
IRQ,2024,8.780270758122743
ISL,1936,4.980720836169957
ISL,1948,12.197450842977855
ISL,1952,7.042595010211845
ISL,1956,4.440288334467982
ISL,1960,7.986297505105923
ISL,1964,2.025288334467983
ISL,1968,6.350432501701975
ISL,1972,11.749615359496529
ISL,1976,8.64201831818326
ISL,1980,5.661585816481285
ISL,1984,15.825480339807857
ISL,1988,17.76548033980786
ISL,1992,13.166076526139117
ISL,1996,6.160720824623647
ISL,2000,13.68086500340395
ISL,2004,24.734182857794554
ISL,2008,63.20535571306177
ISL,2012,34.64035571306178
ISL,2016,5.6907208246236465
ISL,2020,2.0301441672339915
ISL,2024,2.8401441672339915
ISR,1952,11.88
ISR,1956,1.225
ISR,1960,17.815
ISR,1964,5.235
ISR,1968,15.335
ISR,1972,6.8035734226689
ISR,1976,13.019916526945691
ISR,1984,25.1518200710752
ISR,1988,11.417222033307725
ISR,1992,22.599305973779412
ISR,1996,22.89178247709024
ISR,2000,26.87108886973729
ISR,2004,28.273975032482348
ISR,2008,28.923138387308587
ISR,2012,24.50448565861984
ISR,2016,31.00136107536752
ISR,2020,112.69978321848647
ISR,2024,129.9794090617866
ISV,1968,2.3210050251256282
ISV,1972,20.462680067001674
ISV,1976,25.522010050251257
ISV,1984,48.053015075376884
ISV,1988,47.72701005025125
ISV,1992,39.74234505862646
ISV,1996,5.680670016750419
ISV,2000,4.895670016750419
ISV,2004,3.6303350083752095
ISV,2008,3.2103350083752096
ISV,2012,3.5656700167504187
ISV,2016,2.7903350083752096
ISV,2020,2.0250000000000004
ISV,2024,1.985
ITA,1920,915.2007763703859
ITA,1924,979.9056731051382
ITA,1928,871.4602602329295
ITA,1932,724.5696150398109
ITA,1936,919.8290823125709
ITA,1948,707.4892720211129
ITA,1952,705.6778997070529
ITA,1956,600.7493441737062
ITA,1960,905.5611670069388
ITA,1964,690.463678662046
ITA,1968,547.4763366584547
ITA,1972,449.13928425055275
ITA,1976,477.86805608603095
ITA,1980,389.77851566155664
ITA,1984,665.218909179348
ITA,1988,626.7758058132979
ITA,1992,728.7741998944667
ITA,1996,821.6015226304033
ITA,2000,828.5506866253354
ITA,2004,944.1066911327916
ITA,2008,785.8287426749631
ITA,2012,785.0890168894757
ITA,2016,684.1092947853924
ITA,2020,913.19522221854
ITA,2024,986.7521275885691
IVB,1984,5.0600000000000005
IVB,1988,1.6400000000000001
IVB,1992,1.6
IVB,1996,4.34
IVB,2000,0.42000000000000004
IVB,2004,0.38
IVB,2008,0.805
IVB,2012,0.805
IVB,2016,1.6150000000000002
IVB,2020,1.23
IVB,2024,1.565
JAM,1948,92.49837551559808
JAM,1952,99.18695446709819
JAM,1956,17.313647030555444
JAM,1964,20.87229406111089
JAM,1968,22.044321212606626
JAM,1972,32.09855472289303
JAM,1976,43.474687337185664
JAM,1980,76.62952004316642
JAM,1984,122.72167334082441
JAM,1988,109.3144158222283
JAM,1992,113.73552881325608
JAM,1996,158.02242521324735
JAM,2000,202.62039806175162
JAM,2004,205.4055338192303
JAM,2008,271.8765110527794
JAM,2012,333.1694523647431
JAM,2016,358.61309939529855
JAM,2020,203.16782788034118
JAM,2024,90.2089093348284
JOR,1980,2.3600000000000003
JOR,1984,5.745
JOR,1988,3.43
JOR,1992,1.945
JOR,1996,1.9900000000000002
JOR,2000,3.1474324324324323
JOR,2004,3.314864864864865
JOR,2008,2.8474324324324325
JOR,2012,3.6222972972972975
JOR,2016,9.172432432432432
JOR,2020,11.341683046683046
JOR,2024,10.50472972972973
JPN,1920,26.30093263338725
JPN,1924,40.03265403746941
JPN,1928,95.55009297064647
JPN,1932,248.89291090936382
JPN,1936,270.0785008716804
JPN,1952,416.04331216781566
JPN,1956,625.6852445932726
JPN,1960,931.5208102191443
JPN,1964,1093.9528119873237
JPN,1968,1278.0360108610744
JPN,1972,1203.1493371720674
JPN,1976,958.8006851718146
JPN,1984,475.470716091766
JPN,1988,347.9343091031615
JPN,1992,401.0938247382065
JPN,1996,468.8983579779167
JPN,2000,482.81290312627624
JPN,2004,869.5922068781093
JPN,2008,894.4974576732305
JPN,2012,810.6037610390049
JPN,2016,770.4002331249624
JPN,2020,1425.4107783100778
JPN,2024,1064.6001588514212
KAZ,1996,144.23868512617872
KAZ,2000,133.56186227570782
KAZ,2004,106.35899818926715
KAZ,2008,123.85103304451647
KAZ,2012,135.60845359352854
KAZ,2016,123.19663390996078
KAZ,2020,71.32438105381848
KAZ,2024,89.11756709384919
KEN,1956,12.415895038244365
KEN,1960,12.30059669216291
KEN,1964,57.61949217556764
KEN,1968,139.8283617113003
KEN,1972,120.9873587595915
KEN,1984,39.5095810432982
KEN,1988,82.95680332700489
KEN,1992,62.15658059813783
KEN,1996,62.90672977117855
KEN,2000,65.21410757650393
KEN,2004,71.34981218213127
KEN,2008,103.32395840346321
KEN,2012,102.92020574452124
KEN,2016,128.34010417963478
KEN,2020,101.54683133606503
KEN,2024,106.49600556645709
KGZ,1996,21.279910463250506
KGZ,2000,46.35565279319192
KGZ,2004,14.812272337953463
KGZ,2008,16.191086429001803
KGZ,2012,6.123647748413607
KGZ,2016,7.630121980286936
KGZ,2020,21.343448303704765
KGZ,2024,25.806175307214634
KIR,2004,1.145
KIR,2008,0.8
KIR,2012,1.185
KIR,2016,1.185
KIR,2020,1.145
KIR,2024,1.145
KOR,1948,25.19952714166974
KOR,1952,15.373550158728387
KOR,1956,21.64850959512561
KOR,1960,22.839585732248374
KOR,1964,102.95687986610098
KOR,1968,39.665609279486056
KOR,1972,26.54422323706507
KOR,1976,59.8797349254003
KOR,1984,299.6303817839511
KOR,1988,673.5829334501536
KOR,1992,529.9335526238937
KOR,1996,650.0076033884772
KOR,2000,635.3102711905349
KOR,2004,630.9453423106658
KOR,2008,710.1259335177089
KOR,2012,548.8414264976102
KOR,2016,378.4747810025636
KOR,2020,418.2156593947837
KOR,2024,489.0492113434989
KOS,2016,12.19249639596348
KOS,2020,21.3087409899087
KOS,2024,15.073740989908698
KSA,1972,5.441345560850587
KSA,1976,7.2618261182972255
KSA,1984,16.080000000000002
KSA,1988,5.100961114893277
KSA,1992,6.740288334467984
KSA,1996,22.047241730763293
KSA,2000,18.1856607867497
KSA,2004,9.802734281885524
KSA,2008,12.249014897755542
KSA,2012,19.559303232223524
KSA,2016,4.355576668935966
KSA,2020,16.203828586615018
KSA,2024,4.190192222978656
KUW,1968,0.76
KUW,1972,1.52
KUW,1976,8.34
KUW,1980,26.14
KUW,1984,12.46
KUW,1988,13.48
KUW,1992,18.78117685518143
KUW,1996,20.28176528277215
KUW,2000,17.88294213795358
KUW,2004,9.72794213795358
KUW,2008,3.901765282772148
KUW,2012,15.538530565544296
KUW,2020,5.7323537103628635
KUW,2024,3.521176855181432
LAO,1980,7.2700000000000005
LAO,1988,1.145
LAO,1992,2.7
LAO,1996,1.985
LAO,2000,1.225
LAO,2004,1.9900000000000002
LAO,2008,1.61
LAO,2012,1.185
LAO,2016,2.0300000000000002
LAO,2020,1.6500000000000001
LAO,2024,1.5750000000000002
LAT,1924,18.20197470916574
LAT,1928,9.701099989135397
LAT,1932,9.020865003403948
LAT,1936,19.95532982793157
LAT,1992,33.4231510328095
LAT,1996,47.59487135364354
LAT,2000,66.462909311268
LAT,2004,67.17768709029033
LAT,2008,47.422353976775355
LAT,2012,42.71285174844484
LAT,2016,20.21096672065103
LAT,2020,41.320246334615334
LAT,2024,19.021868843878792
LBA,1968,0.1
LBA,1980,14.465
LBA,1988,2.66
LBA,1992,1.9
LBA,1996,1.94
LBA,2000,1.2200000000000002
LBA,2004,3.05
LBA,2008,2.33
LBA,2012,1.565
LBA,2016,2.665
LBA,2020,1.525
LBA,2024,2.285
LBN,2020,2.335
LBN,2024,4.24
LBR,1956,7.12
LBR,1960,4.24
LBR,1964,0.76
LBR,1972,1.9
LBR,1984,4.005
LBR,1988,4.355
LBR,1996,2.825
LBR,2000,4.01
LBR,2004,0.765
LBR,2008,1.57
LBR,2012,1.19
LBR,2016,1.225
LBR,2020,1.685
LBR,2024,4.015000000000001
LCA,1996,3.1267940811341157
LCA,2000,1.9507688919146209
LCA,2004,0.7652562973048737
LCA,2008,1.615768891914621
LCA,2012,1.5755125946097475
LCA,2016,1.915768891914621
LCA,2020,1.9552562973048737
LCA,2024,16.39076889191462
LES,1972,0.76
LES,1980,2.7
LES,1984,1.94
LES,1988,2.2800000000000002
LES,1992,3.09
LES,1996,4.285
LES,2000,2.37
LES,2004,1.15
LES,2008,1.945
LES,2012,1.6500000000000001
LES,2016,3.545
LES,2020,0.765
LES,2024,1.15
LIB,1948,3.542882536632236
LIB,1952,8.902847545551275
LIB,1960,9.584542076449658
LIB,1964,3.24
LIB,1968,8.721694530898382
LIB,1972,18.751694530898384
LIB,1976,1.5205765073264472
LIB,1980,11.061659539817423
LIB,1984,11.926118023571934
LIB,1988,12.47720105606291
LIB,1992,7.240541516245488
LIB,1996,0.385
LIB,2000,2.3705415162454875
LIB,2004,1.9900000000000002
LIB,2008,2.37
LIB,2012,3.995
LIB,2016,3.6050000000000004
LIE,1936,3.04
LIE,1948,0.76
LIE,1952,0.76
LIE,1960,3.08
LIE,1964,1.2600000000000002
LIE,1968,1.1400000000000001
LIE,1972,4.640000000000001
LIE,1976,3.595
LIE,1984,3.29
LIE,1988,6.375
LIE,1992,3.2150000000000003
LIE,1996,0.81
LIE,2000,0.805
LIE,2004,0.42000000000000004
LIE,2008,0.8400000000000001
LIE,2012,1.6950000000000003
LIE,2016,1.27
LIE,2020,3.6900000000000004
LIE,2024,0.38
LTU,1924,4.9803345880384775
LTU,1928,4.990685856165075
LTU,1992,74.700367318005
LTU,1996,100.62276354352662
LTU,2000,93.84806333689735
LTU,2004,59.15998222662552
LTU,2008,64.03269151185846
LTU,2012,74.02813436547123
LTU,2016,57.121630837691164
LTU,2020,29.333153448123564
LTU,2024,43.26820942875902
LUX,1920,17.26402733596965
LUX,1924,62.1791718118016
LUX,1928,81.06093177534935
LUX,1932,52.30530120481928
LUX,1936,152.26689628166505
LUX,1948,50.32128148652437
LUX,1952,46.0620824156021
LUX,1956,13.285800929077732
LUX,1960,45.447684890646435
LUX,1964,9.950800929077731
LUX,1968,2.7153203716310923
LUX,1972,5.865320371631093
LUX,1976,3.580640743262184
LUX,1980,1.6801601858155464
LUX,1984,2.025160185815546
LUX,1988,4.480480557446638
LUX,1992,3.285
LUX,1996,2.760160185815546
LUX,2000,3.6550000000000002
LUX,2004,5.715160185815546
LUX,2008,7.5600000000000005
LUX,2012,4.48
LUX,2016,6.015320371631092
LUX,2020,5.550320371631092
LUX,2024,5.130640743262184
MAD,1964,1.6
MAD,1968,2.3600000000000003
MAD,1972,5.0200000000000005
MAD,1980,6.99
MAD,1984,1.98
MAD,1992,6.785
MAD,1996,5.69
MAD,2000,5.260000000000001
MAD,2004,3.305
MAD,2008,2.37
MAD,2012,2.8000000000000003
MAD,2016,2.42
MAD,2020,2.29
MAD,2024,2.68
MAL,1956,13.085
MAL,1960,4.3
MAR,1960,47.96735756852203
MAR,1964,8.33893540644069
MAR,1968,9.7527950091696
MAR,1972,15.180915824410144
MAR,1976,3.544209049456331
MAR,1984,26.65010237054905
MAR,1988,28.993797038306983
MAR,1992,33.2763026442574
MAR,1996,33.231541188128986
MAR,2000,41.498293868509414
MAR,2004,56.25776754354057
MAR,2008,28.986373326977215
MAR,2012,29.4243163735752
MAR,2016,23.618115447661836
MAR,2020,35.454394698200666
MAR,2024,67.90241874901815
MAS,1964,36.41234211626934
MAS,1968,14.140334588038478
MAS,1972,22.40667294019239
MAS,1976,10.02016729401924
MAS,1984,10.640334588038478
MAS,1988,6.820669176076956
MAS,1992,18.639374285618548
MAS,1996,26.397017804154302
MAS,2000,26.57386574133565
MAS,2004,20.79163786359958
MAS,2008,35.05730703967653
MAS,2012,46.205691551871546
MAS,2016,54.86048446833588
MAS,2020,35.97117776646853
MAS,2024,23.807694374444168
MAW,1972,6.9
MAW,1984,9.34
MAW,1988,8.88
MAW,1992,1.605
MAW,1996,0.8
MAW,2000,0.8450000000000001
MAW,2004,1.57
MAW,2008,1.53
MAW,2012,1.15
MAW,2016,1.9500000000000002
MAW,2020,2.035
MAW,2024,1.23
MDA,1996,60.69698662064112
MDA,2000,20.351473844095292
MDA,2004,16.079300050521223
MDA,2008,15.685383083012196
MDA,2012,12.583914275173445
MDA,2016,10.989800030979568
MDA,2020,16.21341874336214
MDA,2024,22.115615775434176
MDV,1988,3.5
MDV,1992,4.085
MDV,1996,3.705
MDV,2000,1.61
MDV,2004,1.61
MDV,2008,1.57
MDV,2012,2.0300000000000002
MDV,2016,1.6500000000000001
MDV,2020,1.61
MDV,2024,1.955
MEX,1924,10.785396950491991
MEX,1928,24.79424087293136
MEX,1932,45.98786384207058
MEX,1936,43.17835029354747
MEX,1948,143.71279034114914
MEX,1952,65.18688723498717
MEX,1956,35.90263664917502
MEX,1960,59.5389941744216
MEX,1964,90.3704711052927
MEX,1968,331.8108019466167
MEX,1972,193.6371626003585
MEX,1976,111.71922098625225
MEX,1980,83.46963801874067
MEX,1984,115.74301609076498
MEX,1988,91.6447191341139
MEX,1992,77.73084262692915
MEX,1996,60.766812975060844
MEX,2000,72.08055682093638
MEX,2004,102.54885405022046
MEX,2008,80.16382413333486
MEX,2012,195.93442755550547
MEX,2016,104.785619211666
MEX,2020,141.74023140875184
MEX,2024,96.32148051548728
MGL,1964,21.522907487912672
MGL,1968,26.380261198275534
MGL,1972,27.31585011522035
MGL,1976,20.58278455327196
MGL,1980,36.64987463511164
MGL,1988,14.505655046236717
MGL,1992,21.066531339535654
MGL,1996,15.42430292646588
MGL,2000,16.59358074135846
MGL,2004,14.500262582280724
MGL,2008,36.78592016302401
MGL,2012,36.40879304356609
MGL,2016,32.59048425110177
MGL,2020,36.00383299011728
MGL,2024,24.584122520605938
MHL,2008,1.9500000000000002
MHL,2012,1.61
MHL,2016,2.035
MHL,2020,0.805
MHL,2024,1.57
MKD,1996,11.310432380494834
MKD,2000,8.020288253663225
MKD,2004,6.690288253663224
MKD,2008,2.710144126831612
MKD,2012,1.57
MKD,2016,2.34
MKD,2020,6.657171153858638
MKD,2024,2.292171153858639
MLI,1964,0.76
MLI,1968,0.8
MLI,1972,1.1800000000000002
MLI,1980,2.745
MLI,1984,1.94
MLI,1988,3.21
MLI,1992,2.37
MLI,1996,1.61
MLI,2000,1.9900000000000002
MLI,2004,8.11
MLI,2008,6.69
MLI,2012,2.37
MLI,2016,2.33
MLI,2020,1.565
MLI,2024,9.17
MLT,1928,3.42
MLT,1936,4.18
MLT,1948,0.38
MLT,1960,5.0200000000000005
MLT,1968,0.42000000000000004
MLT,1972,1.98
MLT,1980,4.765000000000001
MLT,1984,2.79
MLT,1988,2.4450000000000003
MLT,1992,3.265
MLT,1996,7.065
MLT,2000,2.915
MLT,2004,2.795
MLT,2008,2.335
MLT,2012,1.9900000000000002
MLT,2016,3.2600000000000002
MLT,2020,3.2700000000000005
MLT,2024,1.9900000000000002
MNE,2008,12.67
MNE,2012,70.87463488843814
MNE,2016,36.01389452332657
MNE,2020,13.818894523326572
MNE,2024,7.515000000000001
MON,1920,2.7
MON,1924,5.4213143483023005
MON,1928,4.7652573932092
MON,1932,0.4213143483023002
MON,1936,4.3026286966046
MON,1948,1.52
MON,1952,3.84
MON,1960,5.1000000000000005
MON,1964,0.38
MON,1968,0.8400000000000001
MON,1972,2.06
MON,1976,4.0
MON,1984,3.2
MON,1988,3.345
MON,1992,1.445
MON,1996,1.445
MON,2000,1.365
MON,2004,0.9850000000000001
MON,2008,1.8250000000000002
MON,2012,2.4050000000000002
MON,2016,3.12
MON,2020,2.415
MON,2024,2.415
MOZ,1980,10.937082415602097
MOZ,1984,14.932290657162307
MOZ,1988,8.48062472468063
MOZ,1992,10.16083296624084
MOZ,1996,5.78520824156021
MOZ,2000,8.23041648312042
MOZ,2004,5.270416483120419
MOZ,2008,5.27020824156021
MOZ,2012,2.3704164831204197
MOZ,2016,3.24520824156021
MOZ,2020,3.95020824156021
MOZ,2024,2.72020824156021
MRI,1984,2.665
MRI,1988,4.230210452472816
MRI,1992,8.74
MRI,1996,14.32563135741845
MRI,2000,10.27063135741845
MRI,2004,3.595210452472817
MRI,2008,6.205420904945633
MRI,2012,4.495420904945633
MRI,2016,4.370420904945633
MRI,2020,3.210420904945633
MRI,2024,4.665
MTN,1984,0.8
MTN,1988,2.42
MTN,1992,2.12
MTN,1996,1.6400000000000001
MTN,2000,0.805
MTN,2004,0.765
MTN,2008,0.765
MTN,2012,0.805
MTN,2016,0.8450000000000001
MTN,2020,0.805
MTN,2024,0.765
MYA,1948,1.9
MYA,1952,1.94
MYA,1956,4.880000000000001
MYA,1960,4.12
MYA,1964,4.76
MYA,1968,1.6400000000000001
MYA,1972,7.26
MYA,1980,0.76
MYA,1984,0.38
MYA,1988,1.235
MYA,1992,2.0
MYA,1996,1.185
MYA,2000,2.69
MYA,2004,0.77
MYA,2008,2.75
MYA,2012,2.375
MYA,2016,3.055
MYA,2020,0.805
MYA,2024,0.805
NAM,1992,22.136922229786553
NAM,1996,22.096922229786554
NAM,2000,6.432883344679829
NAM,2004,18.48692222978655
NAM,2008,4.407402787233191
NAM,2012,3.5214416723399147
NAM,2016,4.331922229786553
NAM,2020,7.8519222297865525
NAM,2024,1.5304805574466382
NBO,1956,0.76
NCA,1968,7.0200000000000005
NCA,1972,4.01
NCA,1976,9.620000000000001
NCA,1980,2.295
NCA,1984,1.94
NCA,1992,3.5100000000000002
NCA,1996,10.725
NCA,2000,2.37
NCA,2004,2.3
NCA,2008,2.835
NCA,2012,2.375
NCA,2016,1.9500000000000002
NCA,2020,3.18
NCA,2024,2.81
NED,1920,313.59234885182775
NED,1924,326.2802069929173
NED,1928,544.4805097146161
NED,1932,180.38063473296089
NED,1936,351.4336296762157
NED,1948,283.0339244482903
NED,1952,210.35393440226383
NED,1956,0.4065933688369696
NED,1960,91.84307565570683
NED,1964,200.5252004110739
NED,1968,178.65366740434837
NED,1972,139.90483167751856
NED,1976,116.3479044148435
NED,1980,92.51818705202933
NED,1984,352.33088719255375
NED,1988,411.87461931541367
NED,1992,515.6785534435629
NED,1996,716.1604284699346
NED,2000,870.911540877336
NED,2004,774.9369615924901
NED,2008,784.8006123519574
NED,2012,623.0417647349234
NED,2016,594.415357819746
NED,2020,859.5240543087638
NED,2024,964.9666304458084
NEP,1964,2.2800000000000002
NEP,1972,0.76
NEP,1976,0.38
NEP,1980,3.8
NEP,1984,3.84
NEP,1988,7.815
NEP,1992,0.805
NEP,1996,2.335
NEP,2000,1.915
NEP,2004,2.295
NEP,2008,3.1
NEP,2012,1.955
NEP,2016,2.72
NEP,2020,2.0
NEP,2024,2.72
NGR,1952,6.109257138280406
NGR,1956,5.725973329061713
NGR,1960,5.9436981904270265
NGR,1964,9.246833427301802
NGR,1968,18.328869556074803
NGR,1972,16.044878710092906
NGR,1980,22.9427934844218
NGR,1984,30.699438285587256
NGR,1988,56.748126568285706
NGR,1992,84.4078408561084
NGR,1996,199.4243461990917
NGR,2000,125.24028236567719
NGR,2004,56.09221809962416
NGR,2008,114.38775900721899
NGR,2012,30.048459567497755
NGR,2016,68.29274198213888
NGR,2020,33.0364147754222
NGR,2024,43.10157901486388
NIG,1964,1.3202104524728167
NIG,1968,1.7004209049456331
NIG,1972,3.3608418098912662
NIG,1984,1.520420904945633
NIG,1988,2.3206313574184496
NIG,1992,1.2200000000000002
NIG,1996,1.225
NIG,2000,1.53
NIG,2004,1.525
NIG,2008,1.53
NIG,2012,2.2902104524728166
NIG,2016,5.8920270270270265
NIG,2020,2.719054054054054
NIG,2024,2.714054054054054
NOR,1920,1148.9123964297364
NOR,1924,461.89842704120576
NOR,1928,92.40601627501917
NOR,1932,4.121782367648303
NOR,1936,133.46063297051984
NOR,1948,117.93216966644802
NOR,1952,174.43288363950805
NOR,1956,50.75472097322962
NOR,1960,46.19514856590276
NOR,1964,17.867949804401956
NOR,1968,79.40955998693374
NOR,1972,143.16143755496782
NOR,1976,72.69260217631242
NOR,1984,93.06559642471707
NOR,1988,165.0886984012357
NOR,1992,197.37688234713568
NOR,1996,197.44758428071003
NOR,2000,303.8710999247043
NOR,2004,102.41915989750044
NOR,2008,230.99629279401975
NOR,2012,196.78993288793401
NOR,2016,130.03890515184668
NOR,2020,153.05796299689595
NOR,2024,208.8236564695382
NRU,1996,1.1800000000000002
NRU,2000,0.805
NRU,2004,1.185
NRU,2008,0.42000000000000004
NRU,2012,0.8
NRU,2016,0.76
NRU,2020,0.765
NRU,2024,0.38
NZL,1920,4.114867192550763
NZL,1924,4.999048914595033
NZL,1928,10.983752218271118
NZL,1932,25.18272533002569
NZL,1936,9.485657943690953
NZL,1948,4.122520680804874
NZL,1952,23.536654808458984
NZL,1956,46.59589348479832
NZL,1960,50.75484046482587
NZL,1964,95.65786331953595
NZL,1968,91.50671626468916
NZL,1972,166.27593026480136
NZL,1976,193.61180245946045
NZL,1980,42.22881355932203
NZL,1984,300.8869040333865
NZL,1988,245.035178421637
NZL,1992,288.309892600612
NZL,1996,189.22820253836645
NZL,2000,151.28997457132803
NZL,2004,177.85715565742595
NZL,2008,238.92534793346704
NZL,2012,308.05166216103623
NZL,2016,409.08544470267725
NZL,2020,634.4394363660132
NZL,2024,509.36025770899164
OMA,1984,8.56
OMA,1988,5.140000000000001
OMA,1992,1.98
OMA,1996,2.02
OMA,2000,3.16
OMA,2004,0.8
OMA,2008,1.565
OMA,2012,1.185
OMA,2016,1.57
OMA,2020,2.0250000000000004
OMA,2024,1.645
PAK,1948,39.1152288869217
PAK,1952,53.95446940508212
PAK,1956,137.21447942246184
PAK,1960,125.92347888919348
PAK,1964,117.14893840938753
PAK,1968,105.67887291464878
PAK,1972,98.75849872848546
PAK,1976,66.94697988222217
PAK,1984,117.80788134461443
PAK,1988,32.93928359857926
PAK,1992,46.42773721778282
PAK,1996,21.952256660336186
PAK,2000,26.432112533504572
PAK,2004,23.477322985977388
PAK,2008,14.656270723613307
PAK,2012,11.776270723613308
PAK,2016,2.7153203716310923
PAK,2020,6.975320371631093
PAK,2024,9.985320371631092
PAN,1928,0.76
PAN,1948,6.160512594609747
PAN,1952,0.38
PAN,1960,3.231537783829242
PAN,1964,5.947727580689496
PAN,1968,6.16
PAN,1972,6.241354404501014
PAN,1976,4.835512594609748
PAN,1984,5.705512594609747
PAN,1988,4.66
PAN,1992,2.7402562973048736
PAN,1996,3.5502562973048737
PAN,2000,2.835256297304874
PAN,2004,5.070512594609747
PAN,2008,8.030512594609746
PAN,2012,13.731189796860255
PAN,2016,5.526189796860255
PAN,2020,4.411446094165128
PAN,2024,8.71093349955538
PAR,1968,0.38
PAR,1972,1.1800000000000002
PAR,1976,2.3200000000000003
PAR,1984,6.96
PAR,1988,5.1000000000000005
PAR,1992,17.642228845594648
PAR,1996,2.705
PAR,2000,1.995
PAR,2004,73.03722884559464
PAR,2008,2.8000000000000003
PAR,2012,4.140000000000001
PAR,2016,4.405
PAR,2020,3.5650000000000004
PAR,2024,11.24513812154696
PER,1932,1.1400000000000001
PER,1936,17.441438378555084
PER,1948,24.634383785550835
PER,1956,3.934383785550834
PER,1960,15.997260542661001
PER,1964,37.31938378555083
PER,1968,13.063817581626626
PER,1972,12.922876757110167
PER,1976,5.758834251801611
PER,1980,36.11364061683042
PER,1984,63.75271013781389
PER,1988,56.76958776602194
PER,1992,13.132876757110166
PER,1996,17.55144872405501
PER,2000,15.432808992115914
PER,2004,8.588044261297771
PER,2008,5.171605882742688
PER,2012,6.436605882742688
PER,2016,14.761088522595543
PER,2020,17.61159103515836
PER,2024,14.786256026783148
PHI,1924,0.7601922229786553
PHI,1928,5.960624877423951
PHI,1932,11.312217992923022
PHI,1936,20.616718486354337
PHI,1948,11.796816663338406
PHI,1952,10.77782805221441
PHI,1956,18.64478303196624
PHI,1960,19.453253888964507
PHI,1964,31.21098030832711
PHI,1968,35.29343855600201
PHI,1972,36.044867038471985
PHI,1976,8.948057192828776
PHI,1984,12.811082318078112
PHI,1988,20.378852936447
PHI,1992,19.004873418935066
PHI,1996,10.930709162973075
PHI,2000,12.96265064736832
PHI,2004,13.258099371309614
PHI,2008,14.53536786781665
PHI,2012,9.164806962890033
PHI,2016,11.699293452320092
PHI,2020,70.65996611333381
PHI,2024,81.64828296716138
PLE,1996,0.38
PLE,2000,0.805
PLE,2004,1.145
PLE,2008,1.53
PLE,2012,1.9500000000000002
PLE,2016,2.33
PLE,2020,1.9500000000000002
PLE,2024,3.09
PLW,2000,1.955
PLW,2004,15.95
PLW,2008,1.9900000000000002
PLW,2012,1.955
PLW,2016,2.375
PLW,2020,1.145
PLW,2024,1.15
PNG,1976,3.54
PNG,1984,4.785
PNG,1988,5.795
PNG,1992,7.4350000000000005
PNG,1996,6.66
PNG,2000,1.875
PNG,2004,2.29
PNG,2008,3.4800000000000004
PNG,2012,3.14
PNG,2016,3.17
PNG,2020,3.1
PNG,2024,2.75
POL,1924,78.45042079933954
POL,1928,142.8745882177124
POL,1932,130.2381743638621
POL,1936,143.98644814878998
POL,1948,36.59096855052417
POL,1952,193.17743423772782
POL,1956,206.7651002213861
POL,1960,383.7008292999095
POL,1964,447.32689972184465
POL,1968,402.07913988929533
POL,1972,582.6409554914076
POL,1976,510.9135272908365
POL,1980,437.62944474790703
POL,1988,226.08692578722983
POL,1992,369.3511600661204
POL,1996,275.35629287853146
POL,2000,327.4968187926457
POL,2004,235.2661123930636
POL,2008,313.341198769607
POL,2012,246.27525376055127
POL,2016,230.9174306179837
POL,2020,364.5078474944411
POL,2024,284.28425465945224
POR,1920,23.219509758800136
POR,1924,35.959737090151656
POR,1928,32.51238802334666
POR,1932,4.803339023316083
POR,1936,25.489075088186258
POR,1948,46.91104532847067
POR,1952,80.40080943752712
POR,1956,9.096849770239274
POR,1960,60.925479836946494
POR,1964,15.069416128411381
POR,1968,18.306985895091575
POR,1972,32.826405350290464
POR,1976,23.897739753045936
POR,1980,7.112592669101155
POR,1984,36.833440634262466
POR,1988,46.723497982342465
POR,1992,52.83876194666293
POR,1996,65.72133480140343
POR,2000,34.705541032173755
POR,2004,67.41938669822318
POR,2008,54.48412716477793
POR,2012,54.200343676927226
POR,2016,58.03370205994119
POR,2020,69.31675029834696
POR,2024,75.18439984576635
PRK,1972,70.91455642701101
PRK,1976,32.0828113323663
PRK,1980,69.4891914723484
PRK,1992,109.79898060612315
PRK,1996,67.22205926708419
PRK,2000,57.373818255096026
PRK,2004,56.47327059916342
PRK,2008,73.69754189950596
PRK,2012,57.255991306195966
PRK,2016,65.537954447718
PRK,2024,31.263599378099546
PUR,1948,5.345444691148642
PUR,1952,16.427495069587632
PUR,1956,5.722819270353611
PUR,1960,14.147306675743863
PUR,1964,17.78301095113896
PUR,1968,62.44037678768754
PUR,1972,23.8126834634314
PUR,1976,53.28099433244932
PUR,1980,1.1844195019291477
PUR,1984,32.471859036074235
PUR,1988,22.332310301106034
PUR,1992,44.52791818007253
PUR,1996,64.69401185747142
PUR,2000,16.56441621498757
PUR,2004,20.156018089350194
PUR,2008,18.64390362037782
PUR,2012,16.576225951081824
PUR,2016,28.76786447635003
PUR,2020,27.127930737024048
PUR,2024,32.19172623503776
QAT,1984,10.083988286431875
QAT,1988,6.164601252457755
QAT,1992,13.565206039005247
QAT,1996,6.8242007879188895
QAT,2000,11.028149216471462
QAT,2004,7.50674350084624
QAT,2008,8.42599878860459
QAT,2012,10.628383499884384
QAT,2016,21.382664023412058
QAT,2020,23.347868345420686
QAT,2024,11.797263558873194
RHO,1960,4.605
ROT,2016,4.705
ROU,1924,46.549150031147576
ROU,1928,12.792806337914193
ROU,1932,0.76
ROU,1936,52.66130100889399
ROU,1952,128.3769821801603
ROU,1956,208.12255022524778
ROU,1960,212.40863352876923
ROU,1964,258.78424804601775
ROU,1968,205.047185238389
ROU,1972,333.94306052107123
ROU,1976,595.2331358198534
ROU,1980,706.5027294931971
ROU,1984,872.4200703299999
ROU,1988,631.5932227995168
ROU,1992,716.3268383246718
ROU,1996,711.1717193565196
ROU,2000,794.9033912488092
ROU,2004,652.9799600860688
ROU,2008,342.1696118986768
ROU,2012,282.2812856522453
ROU,2016,159.02810753502703
ROU,2020,124.08620093987024
ROU,2024,215.0008851578
RSA,1920,277.88247897379676
RSA,1924,74.38491428527418
RSA,1928,46.31171133785115
RSA,1932,27.922904869333397
RSA,1936,24.505660403805624
RSA,1948,54.041562291184526
RSA,1952,125.13645836063222
RSA,1956,84.23752005026677
RSA,1960,44.46347623211083
RSA,1992,93.03392520948331
RSA,1996,98.12643380428159
RSA,2000,149.7781035307243
RSA,2004,129.20539553319185
RSA,2008,141.65983726469454
RSA,2012,194.34821555963885
RSA,2016,185.5871052691631
RSA,2020,144.17802830727646
RSA,2024,143.12742021563895
RUS,1924,1.145
RUS,1996,1827.7917011460936
RUS,2000,2066.1165563050263
RUS,2004,1889.1278526201781
RUS,2008,1407.7147358568238
RUS,2012,1431.6720110802862
RUS,2016,1170.1274063172516
RUS,2020,1288.7228584833758
RWA,1984,2.37
RWA,1988,3.02
RWA,1992,3.7750000000000004
RWA,1996,1.48
RWA,2000,1.9100000000000001
RWA,2004,1.9500000000000002
RWA,2008,1.6900000000000002
RWA,2012,2.83
RWA,2016,2.755
RWA,2020,1.9500000000000002
RWA,2024,3.065
SAA,1952,41.135
SAM,1984,3.5
SAM,1988,4.26
SAM,1992,1.98
SAM,1996,1.945
SAM,2000,1.985
SAM,2004,1.185
SAM,2008,2.83
SAM,2012,3.555
SAM,2016,3.56
SAM,2020,5.19
SAM,2024,9.22
SCG,1996,196.6563304050567
SCG,2000,225.96644379975493
SCG,2004,158.4152432219677
SEN,1964,5.5613455608505875
SEN,1968,9.721153337871932
SEN,1972,16.001345560850588
SEN,1976,13.356537783829243
SEN,1980,15.401537783829243
SEN,1984,15.226537783829242
SEN,1988,19.7067300068079
SEN,1992,11.990961114893278
SEN,1996,4.760768891914621
SEN,2000,12.756441672339916
SEN,2004,8.446153337871932
SEN,2008,6.775288334467984
SEN,2012,12.475576668935966
SEN,2016,8.680192222978656
SEN,2020,3.595096111489328
SEN,2024,5.0802883344679834
SEY,1980,8.200000000000001
SEY,1984,5.915
SEY,1992,8.315000000000001
SEY,1996,3.5450000000000004
SEY,2000,3.475
SEY,2004,3.89
SEY,2008,3.8550000000000004
SEY,2012,2.41
SEY,2016,3.93
SEY,2020,2.41
SEY,2024,1.185
SGP,1948,0.38
SGP,1952,2.6719984853542056
SGP,1956,21.737462069674486
SGP,1960,5.661044028808301
SGP,1968,2.401083032490975
SGP,1972,4.6961218098532305
SGP,1976,1.5255415162454873
SGP,1984,5.7625980922029365
SGP,1988,11.18982224778813
SGP,1992,20.41482224778813
SGP,1996,14.163958159073218
SGP,2000,14.762014902364427
SGP,2004,14.45565201470352
SGP,2008,38.17057133742783
SGP,2012,39.706828902321895
SGP,2016,29.08178561577422
SGP,2020,18.15754059266533
SGP,2024,14.507859526958073
SKN,1996,5.285
SKN,2000,1.4500000000000002
SKN,2004,0.7250000000000001
SKN,2008,2.18
SKN,2012,6.26
SKN,2016,5.145
SKN,2020,2.4849999999999994
SKN,2024,1.145
SLE,1968,1.6
SLE,1980,12.395
SLE,1984,3.9650000000000003
SLE,1988,8.165000000000001
SLE,1992,6.125
SLE,1996,7.535
SLE,2000,1.145
SLE,2004,0.765
SLE,2008,1.185
SLE,2012,0.765
SLE,2016,1.53
SLE,2020,1.57
SLE,2024,1.5750000000000002
SLO,1992,51.28418167225197
SLO,1996,56.03585557373869
SLO,2000,87.10344125945684
SLO,2004,116.89293937218068
SLO,2008,82.8097950207042
SLO,2012,82.09835328120194
SLO,2016,47.563411198935505
SLO,2020,60.415784380771285
SLO,2024,74.99371031488482
SMR,1960,4.984066977436385
SMR,1968,1.5219614253023863
SMR,1972,2.8658842759071597
SMR,1976,4.0568649885583525
SMR,1980,6.529807126511933
SMR,1984,12.405787839163127
SMR,1988,6.021961425302386
SMR,1992,7.8869614253023865
SMR,1996,2.7469614253023864
SMR,2000,1.6469614253023865
SMR,2004,2.0269614253023867
SMR,2008,1.5709807126511932
SMR,2012,4.235980712651193
SMR,2016,4.232942137953579
SMR,2020,18.404066977436383
SMR,2024,5.556124839482805
SOL,1984,1.1800000000000002
SOL,1988,1.9
SOL,1992,0.42000000000000004
SOL,1996,1.565
SOL,2000,0.8450000000000001
SOL,2004,0.8450000000000001
SOL,2008,1.23
SOL,2012,1.61
SOL,2016,1.23
SOL,2020,1.19
SOL,2024,0.81
SOM,1972,1.56
SOM,1984,3.74
SOM,1988,2.1
SOM,1996,1.6400000000000001
SOM,2000,0.805
SOM,2004,0.765
SOM,2008,0.765
SOM,2012,0.485
SOM,2016,0.485
SOM,2020,0.805
SOM,2024,0.42000000000000004
SRB,2008,154.28832215149527
SRB,2012,171.43972352144615
SRB,2016,292.269100327254
SRB,2020,212.74749958943747
SRB,2024,208.09525735401158
SRI,1948,9.24115333787193
SRI,1952,2.7401922229786555
SRI,1956,1.1801922229786554
SRI,1960,1.9001922229786552
SRI,1964,2.6603844459573103
SRI,1968,1.1401922229786552
SRI,1972,2.320961114893276
SRI,1980,1.5207688919146207
SRI,1984,2.4400000000000004
SRI,1988,3.5603844459573106
SRI,1992,6.401922229786552
SRI,1996,6.291153337871932
SRI,2000,15.10826779063714
SRI,2004,3.3007688919146214
SRI,2008,5.360384445957311
SRI,2012,3.2553844459573105
SRI,2016,4.050576668935966
SRI,2020,5.105384445957311
SRI,2024,2.295576668935966
SSD,2016,1.185
SSD,2020,0.8450000000000001
SSD,2024,5.405
STP,1996,0.765
STP,2000,0.805
STP,2004,0.765
STP,2008,1.565
STP,2012,0.765
STP,2016,1.185
STP,2020,1.905
STP,2024,1.15
SUD,1960,4.980192222978656
SUD,1968,2.820384445957311
SUD,1972,11.941057226382604
SUD,1984,3.6204805574466383
SUD,1988,3.160288334467983
SUD,1992,2.6603844459573107
SUD,1996,1.600288334467983
SUD,2000,1.1851922229786553
SUD,2004,3.4053844459573104
SUD,2008,7.16076889191462
SUD,2012,4.2103844459573105
SUD,2016,2.370288334467983
SUD,2020,1.9500961114893278
SUD,2024,1.5650961114893276
SUI,1920,200.16345612740506
SUI,1924,757.4725254101122
SUI,1928,695.5930081930459
SUI,1932,28.94519697273685
SUI,1936,838.8280135093063
SUI,1948,637.7552032490066
SUI,1952,504.1609155294475
SUI,1956,46.320147740937976
SUI,1960,181.33675401639204
SUI,1964,107.49198173934548
SUI,1968,137.60888961658694
SUI,1972,173.2571143992199
SUI,1976,110.07490604987102
SUI,1980,59.34506390729375
SUI,1984,190.51527462318649
SUI,1988,123.59797791895231
SUI,1992,123.00244227966587
SUI,1996,198.1856455726477
SUI,2000,169.84791300165392
SUI,2004,137.77608851530883
SUI,2008,138.2837432835145
SUI,2012,136.1128660577055
SUI,2016,165.0976675748305
SUI,2020,174.10999189033546
SUI,2024,150.43811520880826
SUR,1968,0.38
SUR,1972,1.2200000000000002
SUR,1976,1.6
SUR,1984,10.5807291764046
SUR,1988,14.700486117603065
SUR,1992,8.351215294007666
SUR,1996,4.486944470412266
SUR,2000,1.9557291764045996
SUR,2004,1.4904861176030664
SUR,2008,1.6904861176030666
SUR,2012,2.0304861176030666
SUR,2016,2.3704861176030665
SUR,2020,2.1004861176030665
SUR,2024,2.405486117603066
SVK,1996,86.1495803955934
SVK,2000,145.73751607382488
SVK,2004,122.12735357305877
SVK,2008,124.39743642058237
SVK,2012,87.13395971091778
SVK,2016,76.47382560145253
SVK,2020,48.406544644366925
SVK,2024,24.728537945160724
SWE,1920,1129.967119167232
SWE,1924,707.9793044831265
SWE,1928,328.00178049759865
SWE,1932,349.77352862761876
SWE,1936,330.845443884558
SWE,1948,590.2847343623097
SWE,1952,842.3476262134079
SWE,1956,588.7574216292777
SWE,1960,317.5661289888137
SWE,1964,222.13876358156352
SWE,1968,236.71432794556384
SWE,1972,270.28103952044086
SWE,1976,194.86719874350365
SWE,1980,281.6155479670516
SWE,1984,411.01871330830267
SWE,1988,409.1954910102209
SWE,1992,411.30381157598225
SWE,1996,453.48556755442496
SWE,2000,331.8283278456959
SWE,2004,222.7770466810697
SWE,2008,208.2118981785814
SWE,2012,255.58439853586106
SWE,2016,281.30542182337075
SWE,2020,280.1375738701071
SWE,2024,206.5971370165384
SWZ,1972,1.52
SWZ,1984,6.18
SWZ,1988,7.74
SWZ,1992,3.96
SWZ,1996,2.325
SWZ,2000,2.33
SWZ,2004,1.185
SWZ,2008,1.57
SWZ,2012,1.225
SWZ,2016,0.805
SWZ,2020,1.525
SWZ,2024,1.145
SYR,1948,0.38
SYR,1968,0.7605765073264472
SYR,1972,1.9057366931419932
SYR,1980,27.165358005444723
SYR,1984,7.261827182180792
SYR,1988,5.063368330662528
SYR,1992,6.62634531843631
SYR,1996,9.246428356210371
SYR,2000,6.090901462392272
SYR,2004,4.165530824103908
SYR,2008,2.825591129753836
SYR,2012,4.021072340349396
SYR,2016,3.775591129753836
SYR,2020,4.12543094393829
SYR,2024,4.78543094393829
TAN,1964,1.5607688919146208
TAN,1968,2.060768891914621
TAN,1972,12.322691121701174
TAN,1980,25.92442112850907
TAN,1984,8.437883344679829
TAN,1988,4.081153337871932
TAN,1992,3.6207688919146213
TAN,1996,2.785961114893276
TAN,2000,1.6057688919146211
TAN,2004,3.6717300068078975
TAN,2008,3.631345560850587
TAN,2012,2.410576668935966
TAN,2016,2.750768891914621
TAN,2020,1.225576668935966
TAN,2024,2.755768891914621
TCH,1920,106.88270757672007
TCH,1924,337.53992398931445
TCH,1928,316.1120541925135
TCH,1932,44.15408478401181
TCH,1936,276.9029500119003
TCH,1948,226.39304573868557
TCH,1952,398.26021918392627
TCH,1956,239.45178686076744
TCH,1960,447.6880615761057
TCH,1964,541.1740923558256
TCH,1968,457.70768375919624
TCH,1972,279.3062139545992
TCH,1976,201.0231264598991
TCH,1980,361.96168315857864
TCH,1988,161.4036366078747
TCH,1992,199.58262483642758
TGA,1984,2.6629463346194315
TGA,1988,2.6712627148368995
TGA,1992,1.94
TGA,1996,5.585841809891265
TGA,2000,1.225
TGA,2004,1.945420904945633
TGA,2008,1.185
TGA,2012,1.225
TGA,2016,3.6550000000000002
TGA,2020,2.415
TGA,2024,1.570420904945633
THA,1952,5.7
THA,1956,15.510866362679762
THA,1960,9.54469309014381
THA,1964,26.21299632657868
THA,1968,18.234584799557318
THA,1972,14.631245398726396
THA,1976,25.95389885365449
THA,1984,19.285866362679762
THA,1988,8.727039635215714
THA,1992,31.01431544963258
THA,1996,30.877535034202314
THA,2000,42.63996523113936
THA,2004,58.79541164979744
THA,2008,47.50428933288585
THA,2012,27.69198380106662
THA,2016,53.42717574351825
THA,2020,30.79485870085838
THA,2024,47.084093937112996
TJK,1996,3.093464250719453
TJK,2000,1.6103203716310923
TJK,2004,8.40189429122962
TJK,2008,14.819754500089488
TJK,2012,13.839886943596552
TJK,2016,8.792471214106758
TJK,2020,5.809882775712513
TJK,2024,10.90190096690577
TKM,1996,2.875
TKM,2000,3.2205415162454876
TKM,2004,4.015541516245488
TKM,2008,3.941083032490975
TKM,2012,5.656624548736462
TKM,2016,3.486083032490975
TKM,2020,7.422707581227437
TKM,2024,2.2955415162454873
TLS,2004,0.805
TLS,2008,0.385
TLS,2012,0.805
TLS,2016,1.19
TLS,2020,1.185
TLS,2024,1.57
TOG,1972,2.66
TOG,1984,2.2800000000000002
TOG,1988,2.3200000000000003
TOG,1992,3.66
TOG,1996,2.9000000000000004
TOG,2000,1.225
TOG,2004,2.125162711864407
TOG,2008,3.445162711864407
TOG,2012,3.3101627118644066
TOG,2016,1.955
TOG,2020,1.525
TOG,2024,1.915
TPE,1956,12.23699230992726
TPE,1960,16.31431459355283
TPE,1964,44.0379350675658
TPE,1968,40.48833700341072
TPE,1972,16.975895217028974
TPE,1984,22.26956974096494
TPE,1988,49.209507291213434
TPE,1992,87.41295418932216
TPE,1996,69.17179809069795
TPE,2000,66.38200371358407
TPE,2004,88.11245765357513
TPE,2008,59.097982797033744
TPE,2012,39.15618101268094
TPE,2016,45.32773284893084
TPE,2020,136.29692716889252
TPE,2024,75.39659170019102
TTO,1948,7.975884201847428
TTO,1952,6.24216606498195
TTO,1956,7.494500372778994
TTO,1964,26.006834680576038
TTO,1968,15.293208323255953
TTO,1972,21.162171194869117
TTO,1976,17.12193664650995
TTO,1980,12.097002923391134
TTO,1984,17.299581965935865
TTO,1988,3.95503571771562
TTO,1992,14.244668615594088
TTO,1996,17.169959254445917
TTO,2000,35.12719672619622
TTO,2004,32.45468396053267
TTO,2008,74.2767633471935
TTO,2012,78.69411802776759
TTO,2016,63.38905175088641
TTO,2020,31.689286299245573
TTO,2024,13.204638056428527
TUN,1960,21.49147080278113
TUN,1964,23.365310994145
TUN,1968,23.003669923895302
TUN,1972,31.184386297837666
TUN,1976,6.372271891203463
TUN,1984,10.905717000626776
TUN,1988,17.528893514228326
TUN,1992,6.0421916713599275
TUN,1996,22.280742298599073
TUN,2000,25.4030906328039
TUN,2004,45.3091505007713
TUN,2008,38.314950046206775
TUN,2012,57.48367122409615
TUN,2016,46.55689372919011
TUN,2020,50.855996861401955
TUN,2024,25.6033365808266
TUR,1924,9.342065094439004
TUR,1928,15.986198888342791
TUR,1932,0.76
TUR,1936,38.24006485707422
TUR,1948,89.99326396544565
TUR,1952,39.70214386742909
TUR,1956,70.47435983665626
TUR,1960,92.94329820516373
TUR,1964,66.30568748214019
TUR,1968,33.901371478425766
TUR,1972,23.386842508331974
TUR,1976,13.124350507374547
TUR,1984,30.162351126036324
TUR,1988,36.311749463635955
TUR,1992,63.25431544758816
TUR,1996,76.95478154790844
TUR,2000,73.99879103653562
TUR,2004,83.39545632400323
TUR,2008,74.82358631622026
TUR,2012,82.95862434478899
TUR,2016,84.10143588407945
TUR,2020,106.30127270734245
TUR,2024,127.11548484994304
TUV,2008,1.185
TUV,2012,1.185
TUV,2016,0.38
TUV,2020,0.805
TUV,2024,0.805
UAE,1984,4.22
UAE,1988,14.520000000000001
UAE,1992,14.56
UAE,1996,1.5206538084341288
UAE,2000,7.901961425302386
UAE,2004,10.941961425302386
UAE,2008,9.472249748224058
UAE,2012,9.812249748224058
UAE,2016,6.4178263940674025
UAE,2020,2.0212304542774735
UAE,2024,6.221729937530034
UAR,1960,53.421994824544164
UGA,1956,1.9054463177285652
UGA,1960,6.299731639315426
UGA,1964,7.537615526188563
UGA,1968,12.818320919752004
UGA,1972,24.032677973934856
UGA,1980,15.940115543079427
UGA,1984,11.881454530046858
UGA,1988,11.913954513155991
UGA,1992,3.5998658196577127
UGA,1996,6.672303388802284
UGA,2000,6.111338986967429
UGA,2004,4.321722890731431
UGA,2008,4.4790980121297075
UGA,2012,12.473071162548557
UGA,2016,33.70364234198798
UGA,2020,45.31838329993484
UGA,2024,37.9100530615514
UKR,1996,580.0333128951147
UKR,2000,517.5167265952085
UKR,2004,485.82403497313396
UKR,2008,374.25534008659497
UKR,2012,372.00701082705064
UKR,2016,302.30197895466375
UKR,2020,237.9685809766993
UKR,2024,231.522651830024
URS,1952,1694.3171627714553
URS,1956,2523.9335648940023
URS,1960,2210.4784801157875
URS,1964,2367.7460173483714
URS,1968,2184.7708766706414
URS,1972,2638.732526479318
URS,1976,3071.288631505458
URS,1980,3625.144148189692
URS,1988,2608.2232095087743
URU,1924,124.38931823115345
URU,1928,132.98432296210137
URU,1932,4.080459971525572
URU,1936,18.518464853150075
URU,1948,54.14086497548295
URU,1952,48.475355896397446
URU,1956,38.12968547239906
URU,1960,24.290358392240314
URU,1964,13.350230512910354
URU,1968,19.544814607711515
URU,1972,7.919267071357354
URU,1976,7.5990163043831656
URU,1984,8.871594189660168
URU,1988,12.891884640586639
URU,1992,7.1215500525481605
URU,1996,7.671003764115433
URU,2000,10.395669176076956
URU,2004,10.732383678692148
URU,2008,6.996714502615195
URU,2012,10.588558495420338
URU,2016,6.565459971525573
URU,2020,4.445919943051145
URU,2024,10.520459971525572
USA,1920,2612.0172811927946
USA,1924,1884.2936967237122
USA,1928,1305.5133151404207
USA,1932,1881.4512549696717
USA,1936,1238.6264033452985
USA,1948,1719.9282083702433
USA,1952,1664.1845237097489
USA,1956,1342.1240091823643
USA,1960,1419.645837251503
USA,1964,1695.3121850126267
USA,1968,1979.4836549795973
USA,1972,2161.224742749189
USA,1976,1843.0375717943507
USA,1984,3290.166021048456
USA,1988,2525.4928494713063
USA,1992,2787.8559735905264
USA,1996,3071.299865678251
USA,2000,3056.525202367654
USA,2004,3808.015962348808
USA,2008,3906.5745388010164
USA,2012,3874.6204475768704
USA,2016,3803.183806089572
USA,2020,3440.6150932258715
USA,2024,3327.1597342189025
UZB,1996,97.66835664364237
UZB,2000,95.41472340870438
UZB,2004,72.15970335487357
UZB,2008,64.51014168380418
UZB,2012,54.97568547914104
UZB,2016,103.05013609998706
UZB,2020,78.6398870642336
UZB,2024,126.01299991133219
VAN,1988,2.33
VAN,1992,3.2550000000000003
VAN,1996,1.605
VAN,2000,1.185
VAN,2004,0.805
VAN,2008,1.19
VAN,2012,1.9500000000000002
VAN,2016,1.56
VAN,2020,1.2200000000000002
VAN,2024,2.34
VEN,1932,0.30000000000000004
VEN,1948,0.7603345880384775
VEN,1952,26.516475809350617
VEN,1956,15.510753129034427
VEN,1960,33.00656529387204
VEN,1964,10.134356815636513
VEN,1968,21.75534845001998
VEN,1972,19.040188598990806
VEN,1976,24.975296537478314
VEN,1980,23.223297403805553
VEN,1984,26.536120538081054
VEN,1988,16.725071020005302
VEN,1992,10.571254574575423
VEN,1996,23.401448466701243
VEN,2000,26.527968024675857
VEN,2004,29.1816382016365
VEN,2008,65.80751476543641
VEN,2012,43.00088795041373
VEN,2016,57.781186530354496
VEN,2020,36.03618309019803
VEN,2024,14.433823394082362
VIE,1980,14.538368747956849
VIE,1988,4.611046093494606
VIE,1992,3.8410460934946062
VIE,1996,2.3760460934946064
VIE,2000,6.245100147548659
VIE,2004,4.290641663794148
VIE,2008,10.899256300561268
VIE,2012,19.369321460523455
VIE,2016,25.606350438960373
VIE,2020,9.004156153012609
VIE,2024,7.873679796729306
VIN,1988,2.365
VIN,1992,3.25
VIN,1996,4.765000000000001
VIN,2000,1.61
VIN,2004,1.185
VIN,2008,0.805
VIN,2012,1.185
VIN,2016,1.57
VIN,2020,1.19
VIN,2024,1.57
VNM,1952,5.0200000000000005
VNM,1956,3.84
VNM,1960,2.06
VNM,1964,8.94
VNM,1968,3.5100000000000002
VNM,1972,0.8
WIF,1960,23.342883344679827
YAR,1984,1.1400000000000001
YAR,1988,3.04
YEM,1992,3.08
YEM,1996,1.56
YEM,2000,0.765
YEM,2004,1.1400000000000001
YEM,2008,3.085
YEM,2012,1.565
YEM,2016,1.145
YEM,2020,2.33
YEM,2024,1.525
YMD,1988,1.9
YUG,1920,6.122285548124456
YUG,1924,218.10159185520607
YUG,1928,199.51953598993234
YUG,1932,0.4201922229786553
YUG,1936,199.48392244454135
YUG,1948,141.78973655391533
YUG,1952,193.65292162598095
YUG,1956,112.31365567449267
YUG,1960,267.93482033304497
YUG,1964,188.8811752646498
YUG,1968,270.9612147871604
YUG,1972,233.00605186838632
YUG,1976,199.42243819767026
YUG,1980,388.51744246580915
YUG,1984,545.7651337703063
YUG,1988,448.1844177358539
ZAM,1964,16.226285908349578
ZAM,1968,2.7012743115932403
ZAM,1972,4.661995147763197
ZAM,1980,16.623846128292403
ZAM,1984,8.842759075659297
ZAM,1988,16.262626505181647
ZAM,1992,6.196706813295215
ZAM,1996,6.806418478827231
ZAM,2000,4.930997573881599
ZAM,2004,2.4107092394136163
ZAM,2008,3.130919691886432
ZAM,2012,2.830642954174791
ZAM,2016,2.790642954174791
ZAM,2020,12.386063859120425
ZAM,2024,15.491430075583573
ZIM,1928,0.76
ZIM,1960,3.858787510516967
ZIM,1964,12.776000462121374
ZIM,1980,113.31863671527648
ZIM,1984,7.9750000000000005
ZIM,1988,18.316423763672056
ZIM,1992,11.188787510516967
ZIM,1996,8.39763625315509
ZIM,2000,66.44615125736188
ZIM,2004,53.38851500420678
ZIM,2008,70.84439375525848
ZIM,2012,45.66763625315509
ZIM,2016,40.09263625315509
ZIM,2020,1.9067575021033933
ZIM,2024,2.7117575021033935
