"","...1","...2","Rank","NOC","Gold","Silver","Bronze","Total","Year","Olympics"
"1",1,1,1,"USA",41,27,27,95,1920,0
"2",2,2,2,"SWE",19,20,25,64,1920,0
"3",3,3,3,"FIN",15,10,9,34,1920,0
"4",4,4,4,"GBR",14,15,13,42,1920,0
"5",5,5,5,"BEL",14,11,11,36,1920,0
"6",6,6,6,"NOR",13,9,9,31,1920,0
"7",7,7,7,"ITA",13,5,5,23,1920,0
"8",8,8,8,"FRA",9,19,13,41,1920,0
"9",9,9,9,"NED",4,2,5,11,1920,0
"10",10,10,10,"DEN",3,9,1,13,1920,0
"11",11,11,11,"RSA",3,4,3,10,1920,0
"12",12,12,12,"CAN",3,3,3,9,1920,0
"13",13,13,13,"SUI",2,2,7,11,1920,0
"14",14,14,14,"EST",1,2,0,3,1920,0
"15",15,15,15,"BRA",1,1,1,3,1920,0
"16",16,16,16,"AUS",0,2,1,3,1920,0
"17",17,17,17,"JPN",0,2,0,2,1920,0
"18",18,18,17,"ESP",0,2,0,2,1920,0
"19",19,19,19,"GRE",0,1,0,1,1920,0
"20",20,20,19,"LUX",0,1,0,1,1920,0
"21",21,21,21,"TCH",0,0,2,2,1920,0
"22",22,22,22,"NZL",0,0,1,1,1920,0
"23",23,23,1,"USA",45,27,27,99,1924,1
"24",24,24,2,"FIN",14,13,10,37,1924,1
"25",25,25,3,"FRA",13,15,10,38,1924,1
"26",26,26,4,"GBR",9,13,12,34,1924,1
"27",27,27,5,"ITA",8,3,5,16,1924,1
"28",28,28,6,"SUI",7,8,10,25,1924,1
"29",29,29,7,"NOR",5,2,3,10,1924,1
"30",30,30,8,"SWE",4,13,12,29,1924,1
"31",31,31,9,"NED",4,1,5,10,1924,1
"32",32,32,10,"BEL",3,7,3,13,1924,1
"33",33,33,11,"AUS",3,1,2,6,1924,1
"34",34,34,12,"DEN",2,5,2,9,1924,1
"35",35,35,13,"HUN",2,3,4,9,1924,1
"36",36,36,14,"YUG",2,0,0,2,1924,1
"37",37,37,15,"TCH",1,4,5,10,1924,1
"38",38,38,16,"ARG",1,3,2,6,1924,1
"39",39,39,17,"EST",1,1,4,6,1924,1
"40",40,40,18,"RSA",1,1,1,3,1924,1
"41",41,41,19,"URU",1,0,0,1,1924,1
"42",42,42,20,"AUT",0,3,1,4,1924,1
"43",43,43,20,"CAN",0,3,1,4,1924,1
"44",44,44,22,"POL",0,1,1,2,1924,1
"45",45,45,23,"HAI",0,0,1,1,1924,1
"46",46,46,23,"JPN",0,0,1,1,1924,1
"47",47,47,23,"NZL",0,0,1,1,1924,1
"48",48,48,23,"POR",0,0,1,1,1924,1
"49",49,49,23,"ROU",0,0,1,1,1924,1
"50",50,50,1,"USA",22,18,16,56,1928,2
"51",51,51,2,"GER",10,7,14,31,1928,2
"52",52,52,3,"FIN",8,8,9,25,1928,2
"53",53,53,4,"SWE",7,6,12,25,1928,2
"54",54,54,5,"ITA",7,5,7,19,1928,2
"55",55,55,6,"SUI",7,4,4,15,1928,2
"56",56,56,7,"FRA",6,10,5,21,1928,2
"57",57,57,8,"NED",6,9,4,19,1928,2
"58",58,58,9,"HUN",4,5,0,9,1928,2
"59",59,59,10,"CAN",4,4,7,15,1928,2
"60",60,60,11,"GBR",3,10,7,20,1928,2
"61",61,61,12,"ARG",3,3,1,7,1928,2
"62",62,62,13,"DEN",3,1,2,6,1928,2
"63",63,63,14,"TCH",2,5,2,9,1928,2
"64",64,64,15,"JPN",2,2,1,5,1928,2
"65",65,65,16,"EST",2,1,2,5,1928,2
"66",66,66,17,"EGY",2,1,1,4,1928,2
"67",67,67,18,"AUT",2,0,1,3,1928,2
"68",68,68,19,"AUS",1,2,1,4,1928,2
"69",69,69,19,"NOR",1,2,1,4,1928,2
"70",70,70,21,"POL",1,1,3,5,1928,2
"71",71,71,21,"YUG",1,1,3,5,1928,2
"72",72,72,23,"RSA",1,0,2,3,1928,2
"73",73,73,24,"IND",1,0,0,1,1928,2
"74",74,74,24,"IRL",1,0,0,1,1928,2
"75",75,75,24,"NZL",1,0,0,1,1928,2
"76",76,76,24,"ESP",1,0,0,1,1928,2
"77",77,77,24,"URU",1,0,0,1,1928,2
"78",78,78,29,"BEL",0,1,2,3,1928,2
"79",79,79,30,"CHI",0,1,0,1,1928,2
"80",80,80,30,"HAI",0,1,0,1,1928,2
"81",81,81,32,"PHI",0,0,1,1,1928,2
"82",82,82,32,"POR",0,0,1,1,1928,2
"83",83,83,1,"USA",44,36,30,110,1932,3
"84",84,84,2,"ITA",12,12,12,36,1932,3
"85",85,85,3,"FRA",11,5,4,20,1932,3
"86",86,86,4,"SWE",10,5,9,24,1932,3
"87",87,87,5,"JPN",7,7,4,18,1932,3
"88",88,88,6,"HUN",6,5,5,16,1932,3
"89",89,89,7,"GER",5,12,7,24,1932,3
"90",90,90,8,"FIN",5,8,12,25,1932,3
"91",91,91,9,"GBR",5,7,5,17,1932,3
"92",92,92,10,"POL",3,2,4,9,1932,3
"93",93,93,11,"AUS",3,1,1,5,1932,3
"94",94,94,12,"ARG",3,1,0,4,1932,3
"95",95,95,13,"CAN",2,5,9,16,1932,3
"96",96,96,14,"NED",2,5,1,8,1932,3
"97",97,97,15,"RSA",2,0,3,5,1932,3
"98",98,98,16,"IRL",2,0,0,2,1932,3
"99",99,99,17,"TCH",1,3,2,6,1932,3
"100",100,100,18,"AUT",1,1,3,5,1932,3
"101",101,101,19,"IND",1,0,0,1,1932,3
"102",102,102,20,"DEN",0,5,3,8,1932,3
"103",103,103,21,"MEX",0,2,0,2,1932,3
"104",104,104,22,"LAT",0,1,0,1,1932,3
"105",105,105,22,"NZL",0,1,0,1,1932,3
"106",106,106,22,"SUI",0,1,0,1,1932,3
"107",107,107,25,"PHI",0,0,3,3,1932,3
"108",108,108,26,"BEL",0,0,1,1,1932,3
"109",109,109,26,"ESP",0,0,1,1,1932,3
"110",110,110,26,"URU",0,0,1,1,1932,3
"111",111,111,1,"GER",38,31,32,101,1936,4
"112",112,112,2,"USA",24,21,12,57,1936,4
"113",113,113,3,"HUN",10,1,5,16,1936,4
"114",114,114,4,"ITA",9,13,5,27,1936,4
"115",115,115,5,"FIN",8,6,6,20,1936,4
"116",116,116,6,"FRA",7,6,6,19,1936,4
"117",117,117,7,"SWE",6,5,10,21,1936,4
"118",118,118,8,"JPN",6,4,10,20,1936,4
"119",119,119,9,"NED",6,4,7,17,1936,4
"120",120,120,10,"AUT",5,7,5,17,1936,4
"121",121,121,11,"SUI",4,9,5,18,1936,4
"122",122,122,12,"GBR",4,7,3,14,1936,4
"123",123,123,13,"TCH",3,5,1,9,1936,4
"124",124,124,14,"ARG",2,2,3,7,1936,4
"125",125,125,14,"EST",2,2,3,7,1936,4
"126",126,126,16,"EGY",2,1,2,5,1936,4
"127",127,127,17,"CAN",1,3,5,9,1936,4
"128",128,128,18,"NOR",1,3,2,6,1936,4
"129",129,129,19,"TUR",1,0,1,2,1936,4
"130",130,130,20,"IND",1,0,0,1,1936,4
"131",131,131,20,"NZL",1,0,0,1,1936,4
"132",132,132,22,"POL",0,4,5,9,1936,4
"133",133,133,23,"DEN",0,2,3,5,1936,4
"134",134,134,24,"LAT",0,1,1,2,1936,4
"135",135,135,25,"ROU",0,1,0,1,1936,4
"136",136,136,25,"RSA",0,1,0,1,1936,4
"137",137,137,25,"YUG",0,1,0,1,1936,4
"138",138,138,28,"BEL",0,0,3,3,1936,4
"139",139,139,28,"MEX",0,0,3,3,1936,4
"140",140,140,30,"AUS",0,0,1,1,1936,4
"141",141,141,30,"PHI",0,0,1,1,1936,4
"142",142,142,30,"POR",0,0,1,1,1936,4
"143",143,143,1,"USA",38,27,19,84,1948,7
"144",144,144,2,"SWE",16,11,17,44,1948,7
"145",145,145,3,"FRA",10,6,13,29,1948,7
"146",146,146,4,"HUN",10,5,12,27,1948,7
"147",147,147,5,"ITA",8,11,8,27,1948,7
"148",148,148,6,"FIN",8,7,5,20,1948,7
"149",149,149,7,"TUR",6,4,2,12,1948,7
"150",150,150,8,"TCH",6,2,3,11,1948,7
"151",151,151,9,"SUI",5,10,5,20,1948,7
"152",152,152,10,"DEN",5,7,8,20,1948,7
"153",153,153,11,"NED",5,2,9,16,1948,7
"154",154,154,12,"GBR",3,14,6,23,1948,7
"155",155,155,13,"ARG",3,3,1,7,1948,7
"156",156,156,14,"AUS",2,6,5,13,1948,7
"157",157,157,15,"BEL",2,2,3,7,1948,7
"158",158,158,16,"EGY",2,2,1,5,1948,7
"159",159,159,17,"MEX",2,1,2,5,1948,7
"160",160,160,18,"RSA",2,1,1,4,1948,7
"161",161,161,19,"NOR",1,3,3,7,1948,7
"162",162,162,20,"JAM",1,2,0,3,1948,7
"163",163,163,21,"AUT",1,0,3,4,1948,7
"164",164,164,22,"IND",1,0,0,1,1948,7
"165",165,165,22,"PER",1,0,0,1,1948,7
"166",166,166,24,"YUG",0,2,0,2,1948,7
"167",167,167,25,"CAN",0,1,2,3,1948,7
"168",168,168,26,"POR",0,1,1,2,1948,7
"169",169,169,26,"URU",0,1,1,2,1948,7
"170",170,170,28,"SRI",0,1,0,1,1948,7
"171",171,171,28,"CUB",0,1,0,1,1948,7
"172",172,172,28,"ESP",0,1,0,1,1948,7
"173",173,173,28,"TTO",0,1,0,1,1948,7
"174",174,174,32,"PAN",0,0,2,2,1948,7
"175",175,175,32,"KOR",0,0,2,2,1948,7
"176",176,176,34,"BRA",0,0,1,1,1948,7
"177",177,177,34,"IRI",0,0,1,1,1948,7
"178",178,178,34,"POL",0,0,1,1,1948,7
"179",179,179,34,"PUR",0,0,1,1,1948,7
"180",180,180,1,"USA",40,19,17,76,1952,8
"181",181,181,2,"URS",22,30,19,71,1952,8
"182",182,182,3,"HUN",16,10,16,42,1952,8
"183",183,183,4,"SWE",12,13,10,35,1952,8
"184",184,184,5,"ITA",8,9,4,21,1952,8
"185",185,185,6,"TCH",7,3,3,13,1952,8
"186",186,186,7,"FRA",6,6,6,18,1952,8
"187",187,187,8,"FIN",6,3,13,22,1952,8
"188",188,188,9,"AUS",6,2,3,11,1952,8
"189",189,189,10,"NOR",3,2,0,5,1952,8
"190",190,190,11,"SUI",2,6,6,14,1952,8
"191",191,191,12,"RSA",2,4,4,10,1952,8
"192",192,192,13,"JAM",2,3,0,5,1952,8
"193",193,193,14,"BEL",2,2,0,4,1952,8
"194",194,194,15,"DEN",2,1,3,6,1952,8
"195",195,195,16,"TUR",2,0,1,3,1952,8
"196",196,196,17,"JPN",1,6,2,9,1952,8
"197",197,197,18,"GBR",1,2,8,11,1952,8
"198",198,198,19,"ARG",1,2,2,5,1952,8
"199",199,199,20,"POL",1,2,1,4,1952,8
"200",200,200,21,"CAN",1,2,0,3,1952,8
"201",201,201,21,"YUG",1,2,0,3,1952,8
"202",202,202,23,"ROU",1,1,2,4,1952,8
"203",203,203,24,"BRA",1,0,2,3,1952,8
"204",204,204,24,"NZL",1,0,2,3,1952,8
"205",205,205,26,"IND",1,0,1,2,1952,8
"206",206,206,27,"LUX",1,0,0,1,1952,8
"207",207,207,28,"GER",0,7,17,24,1952,8
"208",208,208,29,"NED",0,5,0,5,1952,8
"209",209,209,30,"IRI",0,3,4,7,1952,8
"210",210,210,31,"CHI",0,2,0,2,1952,8
"211",211,211,32,"AUT",0,1,1,2,1952,8
"212",212,212,32,"LBN",0,1,1,2,1952,8
"213",213,213,34,"IRL",0,1,0,1,1952,8
"214",214,214,34,"MEX",0,1,0,1,1952,8
"215",215,215,34,"ESP",0,1,0,1,1952,8
"216",216,216,37,"KOR",0,0,2,2,1952,8
"217",217,217,37,"TTO",0,0,2,2,1952,8
"218",218,218,37,"URU",0,0,2,2,1952,8
"219",219,219,40,"BUL",0,0,1,1,1952,8
"220",220,220,40,"EGY",0,0,1,1,1952,8
"221",221,221,40,"POR",0,0,1,1,1952,8
"222",222,222,40,"VEN",0,0,1,1,1952,8
"223",223,223,1,"URS",37,29,32,98,1956,9
"224",224,224,2,"USA",32,25,17,74,1956,9
"225",225,225,3,"AUS",13,8,14,35,1956,9
"226",226,226,4,"HUN",9,10,7,26,1956,9
"227",227,227,5,"ITA",8,8,9,25,1956,9
"228",228,228,6,"SWE",8,5,6,19,1956,9
"229",229,229,7,"GDR",6,13,7,26,1956,9
"230",230,230,8,"GBR",6,7,11,24,1956,9
"231",231,231,9,"ROU",5,3,5,13,1956,9
"232",232,232,10,"JPN",4,10,5,19,1956,9
"233",233,233,11,"FRA",4,4,6,14,1956,9
"234",234,234,12,"TUR",3,2,2,7,1956,9
"235",235,235,13,"FIN",3,1,11,15,1956,9
"236",236,236,14,"IRI",2,2,1,5,1956,9
"237",237,237,15,"CAN",2,1,3,6,1956,9
"238",238,238,16,"NZL",2,0,0,2,1956,9
"239",239,239,17,"POL",1,4,4,9,1956,9
"240",240,240,18,"TCH",1,4,1,6,1956,9
"241",241,241,19,"BUL",1,3,1,5,1956,9
"242",242,242,20,"DEN",1,2,1,4,1956,9
"243",243,243,21,"IRL",1,1,3,5,1956,9
"244",244,244,22,"NOR",1,0,2,3,1956,9
"245",245,245,23,"MEX",1,0,1,2,1956,9
"246",246,246,24,"BRA",1,0,0,1,1956,9
"247",247,247,24,"IND",1,0,0,1,1956,9
"248",248,248,26,"YUG",0,3,0,3,1956,9
"249",249,249,27,"CHI",0,2,2,4,1956,9
"250",250,250,28,"BEL",0,2,0,2,1956,9
"251",251,251,29,"ARG",0,1,1,2,1956,9
"252",252,252,29,"KOR",0,1,1,2,1956,9
"253",253,253,31,"ISL",0,1,0,1,1956,9
"254",254,254,31,"PAK",0,1,0,1,1956,9
"255",255,255,33,"RSA",0,0,4,4,1956,9
"256",256,256,34,"AUT",0,0,2,2,1956,9
"257",257,257,35,"BAH",0,0,1,1,1956,9
"258",258,258,35,"GRE",0,0,1,1,1956,9
"259",259,259,35,"SUI",0,0,1,1,1956,9
"260",260,260,35,"URU",0,0,1,1,1956,9
"261",261,261,1,"URS",43,29,31,103,1960,10
"262",262,262,2,"USA",34,21,16,71,1960,10
"263",263,263,3,"ITA",13,10,13,36,1960,10
"264",264,264,4,"GDR",12,19,11,42,1960,10
"265",265,265,5,"AUS",8,8,6,22,1960,10
"266",266,266,6,"TUR",7,2,0,9,1960,10
"267",267,267,7,"HUN",6,8,7,21,1960,10
"268",268,268,8,"JPN",4,7,7,18,1960,10
"269",269,269,9,"POL",4,6,11,21,1960,10
"270",270,270,10,"TCH",3,2,3,8,1960,10
"271",271,271,11,"ROU",3,1,6,10,1960,10
"272",272,272,12,"GBR",2,6,12,20,1960,10
"273",273,273,13,"DEN",2,3,1,6,1960,10
"274",274,274,14,"NZL",2,0,1,3,1960,10
"275",275,275,15,"BUL",1,3,3,7,1960,10
"276",276,276,16,"SWE",1,2,3,6,1960,10
"277",277,277,17,"FIN",1,1,3,5,1960,10
"278",278,278,18,"AUT",1,1,0,2,1960,10
"279",279,279,18,"YUG",1,1,0,2,1960,10
"280",280,280,20,"PAK",1,0,1,2,1960,10
"281",281,281,21,"ETH",1,0,0,1,1960,10
"282",282,282,21,"GRE",1,0,0,1,1960,10
"283",283,283,21,"NOR",1,0,0,1,1960,10
"284",284,284,24,"SUI",0,3,3,6,1960,10
"285",285,285,25,"FRA",0,2,3,5,1960,10
"286",286,286,26,"BEL",0,2,2,4,1960,10
"287",287,287,27,"IRI",0,1,3,4,1960,10
"288",288,288,28,"NED",0,1,2,3,1960,10
"289",289,289,28,"RSA",0,1,2,3,1960,10
"290",290,290,30,"ARG",0,1,1,2,1960,10
"291",291,291,30,"EGY",0,1,1,2,1960,10
"292",292,292,32,"CAN",0,1,0,1,1960,10
"293",293,293,32,"TPE",0,1,0,1,1960,10
"294",294,294,32,"GHA",0,1,0,1,1960,10
"295",295,295,32,"IND",0,1,0,1,1960,10
"296",296,296,32,"MAR",0,1,0,1,1960,10
"297",297,297,32,"POR",0,1,0,1,1960,10
"298",298,298,32,"SGP",0,1,0,1,1960,10
"299",299,299,39,"BRA",0,0,2,2,1960,10
"300",300,300,39,"ANT",0,0,2,2,1960,10
"301",301,301,41,"IRQ",0,0,1,1,1960,10
"302",302,302,41,"MEX",0,0,1,1,1960,10
"303",303,303,41,"ESP",0,0,1,1,1960,10
"304",304,304,41,"VEN",0,0,1,1,1960,10
"305",305,305,1,"USA",36,26,28,90,1964,11
"306",306,306,2,"URS",30,31,35,96,1964,11
"307",307,307,3,"JPN",16,5,8,29,1964,11
"308",308,308,4,"GDR",10,22,18,50,1964,11
"309",309,309,5,"ITA",10,10,7,27,1964,11
"310",310,310,6,"HUN",10,7,5,22,1964,11
"311",311,311,7,"POL",7,6,10,23,1964,11
"312",312,312,8,"AUS",6,2,10,18,1964,11
"313",313,313,9,"TCH",5,6,3,14,1964,11
"314",314,314,10,"GBR",4,12,2,18,1964,11
"315",315,315,11,"BUL",3,5,2,10,1964,11
"316",316,316,12,"FIN",3,0,2,5,1964,11
"317",317,317,12,"NZL",3,0,2,5,1964,11
"318",318,318,14,"ROU",2,4,6,12,1964,11
"319",319,319,15,"NED",2,4,4,10,1964,11
"320",320,320,16,"TUR",2,3,1,6,1964,11
"321",321,321,17,"SWE",2,2,4,8,1964,11
"322",322,322,18,"DEN",2,1,3,6,1964,11
"323",323,323,19,"YUG",2,1,2,5,1964,11
"324",324,324,20,"BEL",2,0,1,3,1964,11
"325",325,325,21,"FRA",1,8,6,15,1964,11
"326",326,326,22,"CAN",1,2,1,4,1964,11
"327",327,327,22,"SUI",1,2,1,4,1964,11
"328",328,328,24,"BAH",1,0,0,1,1964,11
"329",329,329,24,"ETH",1,0,0,1,1964,11
"330",330,330,24,"IND",1,0,0,1,1964,11
"331",331,331,27,"KOR",0,2,1,3,1964,11
"332",332,332,28,"TTO",0,1,2,3,1964,11
"333",333,333,29,"TUN",0,1,1,2,1964,11
"334",334,334,30,"ARG",0,1,0,1,1964,11
"335",335,335,30,"CUB",0,1,0,1,1964,11
"336",336,336,30,"PAK",0,1,0,1,1964,11
"337",337,337,30,"PHI",0,1,0,1,1964,11
"338",338,338,34,"IRI",0,0,2,2,1964,11
"339",339,339,35,"BRA",0,0,1,1,1964,11
"340",340,340,35,"GHA",0,0,1,1,1964,11
"341",341,341,35,"IRL",0,0,1,1,1964,11
"342",342,342,35,"KEN",0,0,1,1,1964,11
"343",343,343,35,"MEX",0,0,1,1,1964,11
"344",344,344,35,"NGR",0,0,1,1,1964,11
"345",345,345,35,"URU",0,0,1,1,1964,11
"346",346,346,1,"USA",45,28,34,107,1968,12
"347",347,347,2,"URS",29,32,30,91,1968,12
"348",348,348,3,"JPN",11,7,7,25,1968,12
"349",349,349,4,"HUN",10,10,12,32,1968,12
"350",350,350,5,"GDR",9,9,7,25,1968,12
"351",351,351,6,"FRA",7,3,5,15,1968,12
"352",352,352,7,"TCH",7,2,4,13,1968,12
"353",353,353,8,"FRG",5,11,10,26,1968,12
"354",354,354,9,"AUS",5,7,5,17,1968,12
"355",355,355,10,"GBR",5,5,3,13,1968,12
"356",356,356,11,"POL",5,2,11,18,1968,12
"357",357,357,12,"ROU",4,6,5,15,1968,12
"358",358,358,13,"ITA",3,4,9,16,1968,12
"359",359,359,14,"KEN",3,4,2,9,1968,12
"360",360,360,15,"MEX",3,3,3,9,1968,12
"361",361,361,16,"YUG",3,3,2,8,1968,12
"362",362,362,17,"NED",3,3,1,7,1968,12
"363",363,363,18,"BUL",2,4,3,9,1968,12
"364",364,364,19,"IRI",2,1,2,5,1968,12
"365",365,365,20,"SWE",2,1,1,4,1968,12
"366",366,366,21,"TUR",2,0,0,2,1968,12
"367",367,367,22,"DEN",1,4,3,8,1968,12
"368",368,368,23,"CAN",1,3,1,5,1968,12
"369",369,369,24,"FIN",1,2,1,4,1968,12
"370",370,370,25,"ETH",1,1,0,2,1968,12
"371",371,371,25,"NOR",1,1,0,2,1968,12
"372",372,372,27,"NZL",1,0,2,3,1968,12
"373",373,373,28,"TUN",1,0,1,2,1968,12
"374",374,374,29,"PAK",1,0,0,1,1968,12
"375",375,375,29,"VEN",1,0,0,1,1968,12
"376",376,376,31,"CUB",0,4,0,4,1968,12
"377",377,377,32,"AUT",0,2,2,4,1968,12
"378",378,378,33,"SUI",0,1,4,5,1968,12
"379",379,379,34,"MGL",0,1,3,4,1968,12
"380",380,380,35,"BRA",0,1,2,3,1968,12
"381",381,381,36,"BEL",0,1,1,2,1968,12
"382",382,382,36,"KOR",0,1,1,2,1968,12
"383",383,383,36,"UGA",0,1,1,2,1968,12
"384",384,384,39,"CMR",0,1,0,1,1968,12
"385",385,385,39,"JAM",0,1,0,1,1968,12
"386",386,386,41,"ARG",0,0,2,2,1968,12
"387",387,387,42,"GRE",0,0,1,1,1968,12
"388",388,388,42,"IND",0,0,1,1,1968,12
"389",389,389,42,"TPE",0,0,1,1,1968,12
"390",390,390,1,"URS",50,27,22,99,1972,13
"391",391,391,2,"USA",33,31,30,94,1972,13
"392",392,392,3,"GDR",20,23,23,66,1972,13
"393",393,393,4,"FRG",13,11,16,40,1972,13
"394",394,394,5,"JPN",13,8,8,29,1972,13
"395",395,395,6,"AUS",8,7,2,17,1972,13
"396",396,396,7,"POL",7,5,9,21,1972,13
"397",397,397,8,"HUN",6,13,16,35,1972,13
"398",398,398,9,"BUL",6,10,5,21,1972,13
"399",399,399,10,"ITA",5,3,10,18,1972,13
"400",400,400,11,"SWE",4,6,6,16,1972,13
"401",401,401,12,"GBR",4,5,9,18,1972,13
"402",402,402,13,"ROU",3,6,7,16,1972,13
"403",403,403,14,"CUB",3,1,4,8,1972,13
"404",404,404,14,"FIN",3,1,4,8,1972,13
"405",405,405,16,"NED",3,1,1,5,1972,13
"406",406,406,17,"FRA",2,4,7,13,1972,13
"407",407,407,18,"TCH",2,4,2,8,1972,13
"408",408,408,19,"KEN",2,3,4,9,1972,13
"409",409,409,20,"YUG",2,1,2,5,1972,13
"410",410,410,21,"NOR",2,1,1,4,1972,13
"411",411,411,22,"PRK",1,1,3,5,1972,13
"412",412,412,23,"NZL",1,1,1,3,1972,13
"413",413,413,24,"UGA",1,1,0,2,1972,13
"414",414,414,25,"DEN",1,0,0,1,1972,13
"415",415,415,26,"SUI",0,3,0,3,1972,13
"416",416,416,27,"CAN",0,2,3,5,1972,13
"417",417,417,28,"IRI",0,2,1,3,1972,13
"418",418,418,29,"BEL",0,2,0,2,1972,13
"419",419,419,29,"GRE",0,2,0,2,1972,13
"420",420,420,31,"AUT",0,1,2,3,1972,13
"421",421,421,31,"COL",0,1,2,3,1972,13
"422",422,422,33,"ARG",0,1,0,1,1972,13
"423",423,423,33,"LBN",0,1,0,1,1972,13
"424",424,424,33,"MEX",0,1,0,1,1972,13
"425",425,425,33,"MGL",0,1,0,1,1972,13
"426",426,426,33,"PAK",0,1,0,1,1972,13
"427",427,427,33,"KOR",0,1,0,1,1972,13
"428",428,428,33,"TUN",0,1,0,1,1972,13
"429",429,429,33,"TUR",0,1,0,1,1972,13
"430",430,430,41,"BRA",0,0,2,2,1972,13
"431",431,431,41,"ETH",0,0,2,2,1972,13
"432",432,432,43,"GHA",0,0,1,1,1972,13
"433",433,433,43,"IND",0,0,1,1,1972,13
"434",434,434,43,"JAM",0,0,1,1,1972,13
"435",435,435,43,"NER",0,0,1,1,1972,13
"436",436,436,43,"NGR",0,0,1,1,1972,13
"437",437,437,43,"ESP",0,0,1,1,1972,13
"438",438,438,1,"URS",49,41,35,125,1976,14
"439",439,439,2,"GDR",40,25,25,90,1976,14
"440",440,440,3,"USA",34,35,25,94,1976,14
"441",441,441,4,"FRG",10,12,17,39,1976,14
"442",442,442,5,"JPN",9,6,10,25,1976,14
"443",443,443,6,"POL",7,6,13,26,1976,14
"444",444,444,7,"BUL",6,9,7,22,1976,14
"445",445,445,8,"CUB",6,4,3,13,1976,14
"446",446,446,9,"ROU",4,9,14,27,1976,14
"447",447,447,10,"HUN",4,5,13,22,1976,14
"448",448,448,11,"FIN",4,2,0,6,1976,14
"449",449,449,12,"SWE",4,1,0,5,1976,14
"450",450,450,13,"GBR",3,5,5,13,1976,14
"451",451,451,14,"ITA",2,7,4,13,1976,14
"452",452,452,15,"FRA",2,3,4,9,1976,14
"453",453,453,16,"YUG",2,3,3,8,1976,14
"454",454,454,17,"TCH",2,2,4,8,1976,14
"455",455,455,18,"NZL",2,1,1,4,1976,14
"456",456,456,19,"KOR",1,1,4,6,1976,14
"457",457,457,20,"SUI",1,1,2,4,1976,14
"458",458,458,21,"JAM",1,1,0,2,1976,14
"459",459,459,21,"PRK",1,1,0,2,1976,14
"460",460,460,21,"NOR",1,1,0,2,1976,14
"461",461,461,24,"DEN",1,0,2,3,1976,14
"462",462,462,25,"MEX",1,0,1,2,1976,14
"463",463,463,26,"TTO",1,0,0,1,1976,14
"464",464,464,27,"CAN",0,5,6,11,1976,14
"465",465,465,28,"BEL",0,3,3,6,1976,14
"466",466,466,29,"NED",0,2,3,5,1976,14
"467",467,467,30,"POR",0,2,0,2,1976,14
"468",468,468,30,"ESP",0,2,0,2,1976,14
"469",469,469,32,"AUS",0,1,4,5,1976,14
"470",470,470,33,"IRI",0,1,1,2,1976,14
"471",471,471,34,"MGL",0,1,0,1,1976,14
"472",472,472,34,"VEN",0,1,0,1,1976,14
"473",473,473,36,"BRA",0,0,2,2,1976,14
"474",474,474,37,"AUT",0,0,1,1,1976,14
"475",475,475,37,"BER",0,0,1,1,1976,14
"476",476,476,37,"PAK",0,0,1,1,1976,14
"477",477,477,37,"PUR",0,0,1,1,1976,14
"478",478,478,37,"THA",0,0,1,1,1976,14
"479",479,479,1,"URS",80,69,46,195,1980,15
"480",480,480,2,"GDR",47,37,42,126,1980,15
"481",481,481,3,"BUL",8,16,17,41,1980,15
"482",482,482,4,"CUB",8,7,5,20,1980,15
"483",483,483,5,"ITA",8,3,4,15,1980,15
"484",484,484,6,"HUN",7,10,15,32,1980,15
"485",485,485,7,"ROU",6,6,13,25,1980,15
"486",486,486,8,"FRA",6,5,3,14,1980,15
"487",487,487,9,"GBR",5,7,9,21,1980,15
"488",488,488,10,"POL",3,14,15,32,1980,15
"489",489,489,11,"SWE",3,3,6,12,1980,15
"490",490,490,12,"FIN",3,1,4,8,1980,15
"491",491,491,13,"TCH",2,3,9,14,1980,15
"492",492,492,14,"YUG",2,3,4,9,1980,15
"493",493,493,15,"AUS",2,2,5,9,1980,15
"494",494,494,16,"DEN",2,1,2,5,1980,15
"495",495,495,17,"BRA",2,0,2,4,1980,15
"496",496,496,17,"ETH",2,0,2,4,1980,15
"497",497,497,19,"SUI",2,0,0,2,1980,15
"498",498,498,20,"ESP",1,3,2,6,1980,15
"499",499,499,21,"AUT",1,2,1,4,1980,15
"500",500,500,22,"GRE",1,0,2,3,1980,15
"501",501,501,23,"BEL",1,0,0,1,1980,15
"502",502,502,23,"IND",1,0,0,1,1980,15
"503",503,503,23,"ZIM",1,0,0,1,1980,15
"504",504,504,26,"PRK",0,3,2,5,1980,15
"505",505,505,27,"MGL",0,2,2,4,1980,15
"506",506,506,28,"TAN",0,2,0,2,1980,15
"507",507,507,29,"MEX",0,1,3,4,1980,15
"508",508,508,30,"NED",0,1,2,3,1980,15
"509",509,509,31,"IRL",0,1,1,2,1980,15
"510",510,510,32,"UGA",0,1,0,1,1980,15
"511",511,511,32,"VEN",0,1,0,1,1980,15
"512",512,512,34,"JAM",0,0,3,3,1980,15
"513",513,513,35,"GUY",0,0,1,1,1980,15
"514",514,514,35,"LBN",0,0,1,1,1980,15
"515",515,515,1,"USA",83,61,30,174,1984,16
"516",516,516,2,"ROU",20,16,17,53,1984,16
"517",517,517,3,"FRG",17,19,23,59,1984,16
"518",518,518,4,"CHN",15,8,9,32,1984,16
"519",519,519,5,"ITA",14,6,12,32,1984,16
"520",520,520,6,"CAN",10,18,16,44,1984,16
"521",521,521,7,"JPN",10,8,14,32,1984,16
"522",522,522,8,"NZL",8,1,2,11,1984,16
"523",523,523,9,"YUG",7,4,7,18,1984,16
"524",524,524,10,"KOR",6,6,7,19,1984,16
"525",525,525,11,"GBR",5,11,21,37,1984,16
"526",526,526,12,"FRA",5,7,16,28,1984,16
"527",527,527,13,"NED",5,2,6,13,1984,16
"528",528,528,14,"AUS",4,8,12,24,1984,16
"529",529,529,15,"FIN",4,2,6,12,1984,16
"530",530,530,16,"SWE",2,11,6,19,1984,16
"531",531,531,17,"MEX",2,3,1,6,1984,16
"532",532,532,18,"MAR",2,0,0,2,1984,16
"533",533,533,19,"BRA",1,5,2,8,1984,16
"534",534,534,20,"ESP",1,2,2,5,1984,16
"535",535,535,21,"BEL",1,1,2,4,1984,16
"536",536,536,22,"AUT",1,1,1,3,1984,16
"537",537,537,23,"KEN",1,0,2,3,1984,16
"538",538,538,23,"POR",1,0,2,3,1984,16
"539",539,539,25,"PAK",1,0,0,1,1984,16
"540",540,540,26,"SUI",0,4,4,8,1984,16
"541",541,541,27,"DEN",0,3,3,6,1984,16
"542",542,542,28,"JAM",0,1,2,3,1984,16
"543",543,543,28,"NOR",0,1,2,3,1984,16
"544",544,544,30,"GRE",0,1,1,2,1984,16
"545",545,545,30,"NGR",0,1,1,2,1984,16
"546",546,546,30,"PUR",0,1,1,2,1984,16
"547",547,547,33,"COL",0,1,0,1,1984,16
"548",548,548,33,"EGY",0,1,0,1,1984,16
"549",549,549,33,"IRL",0,1,0,1,1984,16
"550",550,550,33,"CIV",0,1,0,1,1984,16
"551",551,551,33,"PER",0,1,0,1,1984,16
"552",552,552,33,"SYR",0,1,0,1,1984,16
"553",553,553,33,"THA",0,1,0,1,1984,16
"554",554,554,40,"TUR",0,0,3,3,1984,16
"555",555,555,40,"VEN",0,0,3,3,1984,16
"556",556,556,42,"ALG",0,0,2,2,1984,16
"557",557,557,43,"CMR",0,0,1,1,1984,16
"558",558,558,43,"TPE",0,0,1,1,1984,16
"559",559,559,43,"DOM",0,0,1,1,1984,16
"560",560,560,43,"ISL",0,0,1,1,1984,16
"561",561,561,43,"ZAM",0,0,1,1,1984,16
"562",562,562,1,"URS",55,31,46,132,1988,17
"563",563,563,2,"GDR",37,35,30,102,1988,17
"564",564,564,3,"USA",36,31,27,94,1988,17
"565",565,565,4,"KOR",12,10,11,33,1988,17
"566",566,566,5,"FRG",11,14,15,40,1988,17
"567",567,567,6,"HUN",11,6,6,23,1988,17
"568",568,568,7,"BUL",10,12,13,35,1988,17
"569",569,569,8,"ROU",7,11,6,24,1988,17
"570",570,570,9,"FRA",6,4,6,16,1988,17
"571",571,571,10,"ITA",6,4,4,14,1988,17
"572",572,572,11,"CHN",5,11,12,28,1988,17
"573",573,573,12,"GBR",5,10,9,24,1988,17
"574",574,574,13,"KEN",5,2,2,9,1988,17
"575",575,575,14,"JPN",4,3,7,14,1988,17
"576",576,576,15,"AUS",3,6,5,14,1988,17
"577",577,577,16,"YUG",3,4,5,12,1988,17
"578",578,578,17,"TCH",3,3,2,8,1988,17
"579",579,579,18,"NZL",3,2,8,13,1988,17
"580",580,580,19,"CAN",3,2,5,10,1988,17
"581",581,581,20,"POL",2,5,9,16,1988,17
"582",582,582,21,"NOR",2,3,0,5,1988,17
"583",583,583,22,"NED",2,2,5,9,1988,17
"584",584,584,23,"DEN",2,1,1,4,1988,17
"585",585,585,24,"BRA",1,2,3,6,1988,17
"586",586,586,25,"FIN",1,1,2,4,1988,17
"587",587,587,25,"ESP",1,1,2,4,1988,17
"588",588,588,27,"TUR",1,1,0,2,1988,17
"589",589,589,28,"MAR",1,0,2,3,1988,17
"590",590,590,29,"AUT",1,0,0,1,1988,17
"591",591,591,29,"POR",1,0,0,1,1988,17
"592",592,592,29,"SUR",1,0,0,1,1988,17
"593",593,593,32,"SWE",0,4,7,11,1988,17
"594",594,594,33,"SUI",0,2,2,4,1988,17
"595",595,595,34,"JAM",0,2,0,2,1988,17
"596",596,596,35,"ARG",0,1,1,2,1988,17
"597",597,597,36,"CHI",0,1,0,1,1988,17
"598",598,598,36,"CRC",0,1,0,1,1988,17
"599",599,599,36,"INA",0,1,0,1,1988,17
"600",600,600,36,"IRI",0,1,0,1,1988,17
"601",601,601,36,"ANT",0,1,0,1,1988,17
"602",602,602,36,"PER",0,1,0,1,1988,17
"603",603,603,36,"SEN",0,1,0,1,1988,17
"604",604,604,36,"ISV",0,1,0,1,1988,17
"605",605,605,44,"BEL",0,0,2,2,1988,17
"606",606,606,44,"MEX",0,0,2,2,1988,17
"607",607,607,46,"COL",0,0,1,1,1988,17
"608",608,608,46,"DJI",0,0,1,1,1988,17
"609",609,609,46,"GRE",0,0,1,1,1988,17
"610",610,610,46,"MGL",0,0,1,1,1988,17
"611",611,611,46,"PAK",0,0,1,1,1988,17
"612",612,612,46,"PHI",0,0,1,1,1988,17
"613",613,613,46,"THA",0,0,1,1,1988,17
"614",614,614,1,"EUN",45,38,29,112,1992,18
"615",615,615,2,"USA",37,34,37,108,1992,18
"616",616,616,3,"GER",33,21,28,82,1992,18
"617",617,617,4,"CHN",16,22,16,54,1992,18
"618",618,618,5,"CUB",14,6,11,31,1992,18
"619",619,619,6,"ESP",13,7,2,22,1992,18
"620",620,620,7,"KOR",12,5,12,29,1992,18
"621",621,621,8,"HUN",11,12,7,30,1992,18
"622",622,622,9,"FRA",8,5,16,29,1992,18
"623",623,623,10,"AUS",7,9,11,27,1992,18
"624",624,624,11,"CAN",7,4,7,18,1992,18
"625",625,625,12,"ITA",6,5,8,19,1992,18
"626",626,626,13,"GBR",5,3,12,20,1992,18
"627",627,627,14,"ROU",4,6,8,18,1992,18
"628",628,628,15,"TCH",4,2,1,7,1992,18
"629",629,629,16,"PRK",4,0,5,9,1992,18
"630",630,630,17,"JPN",3,8,11,22,1992,18
"631",631,631,18,"BUL",3,7,6,16,1992,18
"632",632,632,19,"POL",3,6,10,19,1992,18
"633",633,633,20,"NED",2,6,7,15,1992,18
"634",634,634,21,"KEN",2,4,2,8,1992,18
"635",635,635,22,"NOR",2,4,1,7,1992,18
"636",636,636,23,"TUR",2,2,2,6,1992,18
"637",637,637,24,"INA",2,2,1,5,1992,18
"638",638,638,25,"BRA",2,1,0,3,1992,18
"639",639,639,26,"GRE",2,0,0,2,1992,18
"640",640,640,27,"SWE",1,7,4,12,1992,18
"641",641,641,28,"NZL",1,4,5,10,1992,18
"642",642,642,29,"FIN",1,2,2,5,1992,18
"643",643,643,30,"DEN",1,1,4,6,1992,18
"644",644,644,31,"MAR",1,1,1,3,1992,18
"645",645,645,32,"IRL",1,1,0,2,1992,18
"646",646,646,33,"ETH",1,0,2,3,1992,18
"647",647,647,34,"ALG",1,0,1,2,1992,18
"648",648,648,34,"EST",1,0,1,2,1992,18
"649",649,649,34,"LTU",1,0,1,2,1992,18
"650",650,650,37,"SUI",1,0,0,1,1992,18
"651",651,651,38,"JAM",0,3,1,4,1992,18
"652",652,652,38,"NGR",0,3,1,4,1992,18
"653",653,653,40,"LAT",0,2,1,3,1992,18
"654",654,654,41,"AUT",0,2,0,2,1992,18
"655",655,655,41,"NAM",0,2,0,2,1992,18
"656",656,656,41,"RSA",0,2,0,2,1992,18
"657",657,657,44,"BEL",0,1,2,3,1992,18
"658",658,658,44,"CRO",0,1,2,3,1992,18
"659",659,659,44,"IOP",0,1,2,3,1992,18
"660",660,660,44,"IRI",0,1,2,3,1992,18
"661",661,661,48,"ISR",0,1,1,2,1992,18
"662",662,662,49,"TPE",0,1,0,1,1992,18
"663",663,663,49,"MEX",0,1,0,1,1992,18
"664",664,664,49,"PER",0,1,0,1,1992,18
"665",665,665,52,"MGL",0,0,2,2,1992,18
"666",666,666,52,"SVN",0,0,2,2,1992,18
"667",667,667,54,"ARG",0,0,1,1,1992,18
"668",668,668,54,"BAH",0,0,1,1,1992,18
"669",669,669,54,"COL",0,0,1,1,1992,18
"670",670,670,54,"GHA",0,0,1,1,1992,18
"671",671,671,54,"MAS",0,0,1,1,1992,18
"672",672,672,54,"PAK",0,0,1,1,1992,18
"673",673,673,54,"PHI",0,0,1,1,1992,18
"674",674,674,54,"PUR",0,0,1,1,1992,18
"675",675,675,54,"QAT",0,0,1,1,1992,18
"676",676,676,54,"SUR",0,0,1,1,1992,18
"677",677,677,54,"THA",0,0,1,1,1992,18
"678",678,678,1,"USA",44,32,25,101,1996,19
"679",679,679,2,"RUS",26,21,16,63,1996,19
"680",680,680,3,"GER",20,18,27,65,1996,19
"681",681,681,4,"CHN",16,22,12,50,1996,19
"682",682,682,5,"FRA",15,7,15,37,1996,19
"683",683,683,6,"ITA",13,10,12,35,1996,19
"684",684,684,7,"AUS",9,9,23,41,1996,19
"685",685,685,8,"CUB",9,8,8,25,1996,19
"686",686,686,9,"UKR",9,2,12,23,1996,19
"687",687,687,10,"KOR",7,15,5,27,1996,19
"688",688,688,11,"POL",7,5,5,17,1996,19
"689",689,689,12,"HUN",7,4,10,21,1996,19
"690",690,690,13,"ESP",5,6,6,17,1996,19
"691",691,691,14,"ROU",4,7,9,20,1996,19
"692",692,692,15,"NED",4,5,10,19,1996,19
"693",693,693,16,"GRE",4,4,0,8,1996,19
"694",694,694,17,"CZE",4,3,4,11,1996,19
"695",695,695,18,"SUI",4,3,0,7,1996,19
"696",696,696,19,"DEN",4,1,1,6,1996,19
"697",697,697,19,"TUR",4,1,1,6,1996,19
"698",698,698,21,"CAN",3,11,8,22,1996,19
"699",699,699,22,"BUL",3,7,5,15,1996,19
"700",700,700,23,"JPN",3,6,5,14,1996,19
"701",701,701,24,"KAZ",3,4,4,11,1996,19
"702",702,702,25,"BRA",3,3,9,15,1996,19
"703",703,703,26,"NZL",3,2,1,6,1996,19
"704",704,704,27,"RSA",3,1,1,5,1996,19
"705",705,705,28,"IRL",3,0,1,4,1996,19
"706",706,706,29,"SWE",2,4,2,8,1996,19
"707",707,707,30,"NOR",2,2,3,7,1996,19
"708",708,708,31,"BEL",2,2,2,6,1996,19
"709",709,709,32,"NGR",2,1,3,6,1996,19
"710",710,710,33,"PRK",2,1,2,5,1996,19
"711",711,711,34,"ALG",2,0,1,3,1996,19
"712",712,712,34,"ETH",2,0,1,3,1996,19
"713",713,713,36,"GBR",1,8,6,15,1996,19
"714",714,714,37,"BLR",1,6,8,15,1996,19
"715",715,715,38,"KEN",1,4,3,8,1996,19
"716",716,716,39,"JAM",1,3,2,6,1996,19
"717",717,717,40,"FIN",1,2,1,4,1996,19
"718",718,718,41,"YUG",1,1,2,4,1996,19
"719",719,719,41,"INA",1,1,2,4,1996,19
"720",720,720,43,"IRI",1,1,1,3,1996,19
"721",721,721,43,"SVK",1,1,1,3,1996,19
"722",722,722,45,"ARM",1,1,0,2,1996,19
"723",723,723,45,"CRO",1,1,0,2,1996,19
"724",724,724,47,"POR",1,0,1,2,1996,19
"725",725,725,47,"THA",1,0,1,2,1996,19
"726",726,726,49,"BDI",1,0,0,1,1996,19
"727",727,727,49,"CRC",1,0,0,1,1996,19
"728",728,728,49,"ECU",1,0,0,1,1996,19
"729",729,729,49,"HKG",1,0,0,1,1996,19
"730",730,730,49,"SYR",1,0,0,1,1996,19
"731",731,731,54,"ARG",0,2,1,3,1996,19
"732",732,732,55,"NAM",0,2,0,2,1996,19
"733",733,733,55,"SVN",0,2,0,2,1996,19
"734",734,734,57,"AUT",0,1,2,3,1996,19
"735",735,735,58,"MAS",0,1,1,2,1996,19
"736",736,736,58,"MDA",0,1,1,2,1996,19
"737",737,737,58,"UZB",0,1,1,2,1996,19
"738",738,738,61,"AZE",0,1,0,1,1996,19
"739",739,739,61,"BAH",0,1,0,1,1996,19
"740",740,740,61,"TPE",0,1,0,1,1996,19
"741",741,741,61,"LAT",0,1,0,1,1996,19
"742",742,742,61,"PHI",0,1,0,1,1996,19
"743",743,743,61,"TON",0,1,0,1,1996,19
"744",744,744,61,"ZAM",0,1,0,1,1996,19
"745",745,745,68,"GEO",0,0,2,2,1996,19
"746",746,746,68,"MAR",0,0,2,2,1996,19
"747",747,747,68,"TTO",0,0,2,2,1996,19
"748",748,748,71,"IND",0,0,1,1,1996,19
"749",749,749,71,"ISR",0,0,1,1,1996,19
"750",750,750,71,"LTU",0,0,1,1,1996,19
"751",751,751,71,"MEX",0,0,1,1,1996,19
"752",752,752,71,"MGL",0,0,1,1,1996,19
"753",753,753,71,"MOZ",0,0,1,1,1996,19
"754",754,754,71,"PUR",0,0,1,1,1996,19
"755",755,755,71,"TUN",0,0,1,1,1996,19
"756",756,756,71,"UGA",0,0,1,1,1996,19
"757",757,757,1,"USA",37,24,32,93,2000,20
"758",758,758,2,"RUS",32,28,29,89,2000,20
"759",759,759,3,"CHN",28,16,14,58,2000,20
"760",760,760,4,"AUS",16,25,17,58,2000,20
"761",761,761,5,"GER",13,17,26,56,2000,20
"762",762,762,6,"FRA",13,14,11,38,2000,20
"763",763,763,7,"ITA",13,8,13,34,2000,20
"764",764,764,8,"NED",12,9,4,25,2000,20
"765",765,765,9,"CUB",11,11,7,29,2000,20
"766",766,766,10,"GBR",11,10,7,28,2000,20
"767",767,767,11,"ROU",11,6,9,26,2000,20
"768",768,768,12,"KOR",8,10,10,28,2000,20
"769",769,769,13,"HUN",8,6,3,17,2000,20
"770",770,770,14,"POL",6,5,3,14,2000,20
"771",771,771,15,"JPN",5,8,5,18,2000,20
"772",772,772,16,"BUL",5,6,2,13,2000,20
"773",773,773,17,"GRE",4,6,3,13,2000,20
"774",774,774,18,"SWE",4,5,3,12,2000,20
"775",775,775,19,"NOR",4,3,3,10,2000,20
"776",776,776,20,"ETH",4,1,3,8,2000,20
"777",777,777,21,"UKR",3,10,10,23,2000,20
"778",778,778,22,"KAZ",3,4,0,7,2000,20
"779",779,779,23,"BLR",3,3,11,17,2000,20
"780",780,780,24,"CAN",3,3,8,14,2000,20
"781",781,781,25,"ESP",3,3,5,11,2000,20
"782",782,782,26,"TUR",3,0,2,5,2000,20
"783",783,783,27,"IRI",3,0,1,4,2000,20
"784",784,784,28,"CZE",2,3,3,8,2000,20
"785",785,785,29,"KEN",2,3,2,7,2000,20
"786",786,786,30,"DEN",2,3,1,6,2000,20
"787",787,787,31,"FIN",2,1,1,4,2000,20
"788",788,788,32,"AUT",2,1,0,3,2000,20
"789",789,789,33,"LTU",2,0,3,5,2000,20
"790",790,790,34,"AZE",2,0,1,3,2000,20
"791",791,791,34,"BAH",2,0,1,3,2000,20
"792",792,792,36,"SVN",2,0,0,2,2000,20
"793",793,793,37,"SUI",1,6,2,9,2000,20
"794",794,794,38,"INA",1,3,2,6,2000,20
"795",795,795,39,"SVK",1,3,1,5,2000,20
"796",796,796,40,"MEX",1,2,3,6,2000,20
"797",797,797,41,"NGR",1,2,0,3,2000,20
"798",798,798,42,"ALG",1,1,3,5,2000,20
"799",799,799,43,"UZB",1,1,2,4,2000,20
"800",800,800,44,"YUG",1,1,1,3,2000,20
"801",801,801,44,"LAT",1,1,1,3,2000,20
"802",802,802,46,"NZL",1,0,3,4,2000,20
"803",803,803,47,"EST",1,0,2,3,2000,20
"804",804,804,47,"THA",1,0,2,3,2000,20
"805",805,805,49,"CRO",1,0,1,2,2000,20
"806",806,806,50,"CMR",1,0,0,1,2000,20
"807",807,807,50,"COL",1,0,0,1,2000,20
"808",808,808,50,"MOZ",1,0,0,1,2000,20
"809",809,809,53,"BRA",0,6,6,12,2000,20
"810",810,810,54,"JAM",0,6,3,9,2000,20
"811",811,811,55,"BEL",0,2,3,5,2000,20
"812",812,812,55,"RSA",0,2,3,5,2000,20
"813",813,813,57,"ARG",0,2,2,4,2000,20
"814",814,814,58,"TPE",0,1,4,5,2000,20
"815",815,815,58,"MAR",0,1,4,5,2000,20
"816",816,816,60,"PRK",0,1,3,4,2000,20
"817",817,817,61,"MDA",0,1,1,2,2000,20
"818",818,818,61,"KSA",0,1,1,2,2000,20
"819",819,819,61,"TTO",0,1,1,2,2000,20
"820",820,820,64,"IRL",0,1,0,1,2000,20
"821",821,821,64,"SRI",0,1,0,1,2000,20
"822",822,822,64,"URU",0,1,0,1,2000,20
"823",823,823,64,"VIE",0,1,0,1,2000,20
"824",824,824,68,"GEO",0,0,6,6,2000,20
"825",825,825,69,"CRC",0,0,2,2,2000,20
"826",826,826,69,"POR",0,0,2,2,2000,20
"827",827,827,71,"ARM",0,0,1,1,2000,20
"828",828,828,71,"BRB",0,0,1,1,2000,20
"829",829,829,71,"CHI",0,0,1,1,2000,20
"830",830,830,71,"ISL",0,0,1,1,2000,20
"831",831,831,71,"IND",0,0,1,1,2000,20
"832",832,832,71,"ISR",0,0,1,1,2000,20
"833",833,833,71,"KWT",0,0,1,1,2000,20
"834",834,834,71,"KGZ",0,0,1,1,2000,20
"835",835,835,71,"MKD",0,0,1,1,2000,20
"836",836,836,71,"QAT",0,0,1,1,2000,20
"837",837,837,1,"USA",36,39,26,101,2004,21
"838",838,838,2,"CHN",32,17,14,63,2004,21
"839",839,839,3,"RUS",28,26,36,90,2004,21
"840",840,840,4,"AUS",17,16,17,50,2004,21
"841",841,841,5,"JPN",16,9,12,37,2004,21
"842",842,842,6,"GER",13,16,20,49,2004,21
"843",843,843,7,"FRA",11,9,13,33,2004,21
"844",844,844,8,"ITA",10,11,11,32,2004,21
"845",845,845,9,"KOR",9,12,9,30,2004,21
"846",846,846,10,"GBR",9,9,12,30,2004,21
"847",847,847,11,"CUB",9,7,11,27,2004,21
"848",848,848,12,"HUN",8,6,3,17,2004,21
"849",849,849,13,"UKR",8,5,9,22,2004,21
"850",850,850,14,"ROU",8,5,6,19,2004,21
"851",851,851,15,"GRE",6,6,4,16,2004,21
"852",852,852,16,"BRA",5,2,3,10,2004,21
"853",853,853,17,"NOR",5,0,1,6,2004,21
"854",854,854,18,"NED",4,9,9,22,2004,21
"855",855,855,19,"SWE",4,2,1,7,2004,21
"856",856,856,20,"ESP",3,11,6,20,2004,21
"857",857,857,21,"CAN",3,6,3,12,2004,21
"858",858,858,22,"TUR",3,3,4,10,2004,21
"859",859,859,23,"POL",3,2,5,10,2004,21
"860",860,860,24,"NZL",3,2,0,5,2004,21
"861",861,861,25,"THA",3,1,4,8,2004,21
"862",862,862,26,"BLR",2,5,6,13,2004,21
"863",863,863,27,"AUT",2,4,1,7,2004,21
"864",864,864,28,"ETH",2,3,2,7,2004,21
"865",865,865,29,"IRI",2,2,2,6,2004,21
"866",866,866,29,"SVK",2,2,2,6,2004,21
"867",867,867,31,"TPE",2,2,1,5,2004,21
"868",868,868,32,"GEO",2,2,0,4,2004,21
"869",869,869,33,"BUL",2,1,9,12,2004,21
"870",870,870,34,"DEN",2,1,5,8,2004,21
"871",871,871,35,"JAM",2,1,2,5,2004,21
"872",872,872,35,"UZB",2,1,2,5,2004,21
"873",873,873,37,"MAR",2,1,0,3,2004,21
"874",874,874,38,"ARG",2,0,4,6,2004,21
"875",875,875,39,"CHI",2,0,1,3,2004,21
"876",876,876,40,"KAZ",1,4,3,8,2004,21
"877",877,877,41,"KEN",1,4,2,7,2004,21
"878",878,878,42,"CZE",1,3,5,9,2004,21
"879",879,879,43,"RSA",1,3,2,6,2004,21
"880",880,880,44,"CRO",1,2,2,5,2004,21
"881",881,881,45,"LTU",1,2,0,3,2004,21
"882",882,882,46,"EGY",1,1,3,5,2004,21
"883",883,883,46,"SUI",1,1,3,5,2004,21
"884",884,884,48,"INA",1,1,2,4,2004,21
"885",885,885,49,"ZIM",1,1,1,3,2004,21
"886",886,886,50,"AZE",1,0,4,5,2004,21
"887",887,887,51,"BEL",1,0,2,3,2004,21
"888",888,888,52,"BAH",1,0,1,2,2004,21
"889",889,889,52,"ISR",1,0,1,2,2004,21
"890",890,890,54,"CMR",1,0,0,1,2004,21
"891",891,891,54,"DOM",1,0,0,1,2004,21
"892",892,892,54,"ARE",1,0,0,1,2004,21
"893",893,893,57,"PRK",0,4,1,5,2004,21
"894",894,894,58,"LAT",0,4,0,4,2004,21
"895",895,895,59,"MEX",0,3,1,4,2004,21
"896",896,896,60,"POR",0,2,1,3,2004,21
"897",897,897,61,"FIN",0,2,0,2,2004,21
"898",898,898,61,"SCG",0,2,0,2,2004,21
"899",899,899,63,"SVN",0,1,3,4,2004,21
"900",900,900,64,"EST",0,1,2,3,2004,21
"901",901,901,65,"HKG",0,1,0,1,2004,21
"902",902,902,65,"IND",0,1,0,1,2004,21
"903",903,903,65,"PRY",0,1,0,1,2004,21
"904",904,904,68,"COL",0,0,2,2,2004,21
"905",905,905,68,"NGR",0,0,2,2,2004,21
"906",906,906,68,"VEN",0,0,2,2,2004,21
"907",907,907,71,"ERI",0,0,1,1,2004,21
"908",908,908,71,"MGL",0,0,1,1,2004,21
"909",909,909,71,"SYR",0,0,1,1,2004,21
"910",910,910,71,"TTO",0,0,1,1,2004,21
"911",911,911,1,"CHN",48,22,30,100,2008,22
"912",912,912,2,"USA",36,39,37,112,2008,22
"913",913,913,3,"RUS",24,13,23,60,2008,22
"914",914,914,4,"GBR",19,13,19,51,2008,22
"915",915,915,5,"GER",16,11,14,41,2008,22
"916",916,916,6,"AUS",14,15,17,46,2008,22
"917",917,917,7,"KOR",13,11,8,32,2008,22
"918",918,918,8,"JPN",9,8,8,25,2008,22
"919",919,919,9,"ITA",8,9,10,27,2008,22
"920",920,920,10,"FRA",7,16,20,43,2008,22
"921",921,921,11,"NED",7,5,4,16,2008,22
"922",922,922,12,"UKR",7,4,11,22,2008,22
"923",923,923,13,"KEN",6,4,6,16,2008,22
"924",924,924,14,"ESP",5,11,3,19,2008,22
"925",925,925,15,"JAM",5,4,2,11,2008,22
"926",926,926,16,"POL",4,5,2,11,2008,22
"927",927,927,17,"ETH",4,2,1,7,2008,22
"928",928,928,18,"ROU",4,1,4,9,2008,22
"929",929,929,19,"CUB",3,10,17,30,2008,22
"930",930,930,20,"CAN",3,9,8,20,2008,22
"931",931,931,21,"HUN",3,5,2,10,2008,22
"932",932,932,22,"NOR",3,5,1,9,2008,22
"933",933,933,23,"BRA",3,4,10,17,2008,22
"934",934,934,24,"BLR",3,4,7,14,2008,22
"935",935,935,25,"CZE",3,3,1,7,2008,22
"936",936,936,26,"SVK",3,3,0,6,2008,22
"937",937,937,27,"NZL",3,2,4,9,2008,22
"938",938,938,28,"GEO",3,2,2,7,2008,22
"939",939,939,29,"KAZ",2,3,4,9,2008,22
"940",940,940,30,"DEN",2,2,3,7,2008,22
"941",941,941,31,"PRK",2,2,2,6,2008,22
"942",942,942,31,"THA",2,2,2,6,2008,22
"943",943,943,33,"MGL",2,2,0,4,2008,22
"944",944,944,34,"SUI",2,1,4,7,2008,22
"945",945,945,35,"ARG",2,0,4,6,2008,22
"946",946,946,36,"MEX",2,0,2,4,2008,22
"947",947,947,37,"BEL",2,0,0,2,2008,22
"948",948,948,38,"ZIM",1,3,0,4,2008,22
"949",949,949,39,"SVN",1,2,2,5,2008,22
"950",950,950,40,"AZE",1,1,4,6,2008,22
"951",951,951,40,"INA",1,1,4,6,2008,22
"952",952,952,42,"BUL",1,1,3,5,2008,22
"953",953,953,42,"TUR",1,1,3,5,2008,22
"954",954,954,44,"TPE",1,1,2,4,2008,22
"955",955,955,44,"FIN",1,1,2,4,2008,22
"956",956,956,46,"LAT",1,1,1,3,2008,22
"957",957,957,47,"DOM",1,1,0,2,2008,22
"958",958,958,47,"EST",1,1,0,2,2008,22
"959",959,959,47,"POR",1,1,0,2,2008,22
"960",960,960,47,"TTO",1,1,0,2,2008,22
"961",961,961,51,"IND",1,0,2,3,2008,22
"962",962,962,52,"IRI",1,0,1,2,2008,22
"963",963,963,53,"CMR",1,0,0,1,2008,22
"964",964,964,53,"PAN",1,0,0,1,2008,22
"965",965,965,53,"TUN",1,0,0,1,2008,22
"966",966,966,56,"SWE",0,4,1,5,2008,22
"967",967,967,57,"LTU",0,3,2,5,2008,22
"968",968,968,57,"NGR",0,3,2,5,2008,22
"969",969,969,59,"CRO",0,2,3,5,2008,22
"970",970,970,60,"COL",0,2,1,3,2008,22
"971",971,971,60,"GRE",0,2,1,3,2008,22
"972",972,972,62,"ARM",0,1,4,5,2008,22
"973",973,973,63,"UZB",0,1,3,4,2008,22
"974",974,974,64,"AUT",0,1,2,3,2008,22
"975",975,975,64,"IRL",0,1,2,3,2008,22
"976",976,976,64,"KGZ",0,1,2,3,2008,22
"977",977,977,64,"SRB",0,1,2,3,2008,22
"978",978,978,68,"ALG",0,1,1,2,2008,22
"979",979,979,68,"BAH",0,1,1,2,2008,22
"980",980,980,68,"MAR",0,1,1,2,2008,22
"981",981,981,68,"TJK",0,1,1,2,2008,22
"982",982,982,72,"CHI",0,1,0,1,2008,22
"983",983,983,72,"ECU",0,1,0,1,2008,22
"984",984,984,72,"ISL",0,1,0,1,2008,22
"985",985,985,72,"MAS",0,1,0,1,2008,22
"986",986,986,72,"SAM",0,1,0,1,2008,22
"987",987,987,72,"SGP",0,1,0,1,2008,22
"988",988,988,72,"RSA",0,1,0,1,2008,22
"989",989,989,72,"SDN",0,1,0,1,2008,22
"990",990,990,72,"VIE",0,1,0,1,2008,22
"991",991,991,81,"EGY",0,0,2,2,2008,22
"992",992,992,82,"AFG",0,0,1,1,2008,22
"993",993,993,82,"ISR",0,0,1,1,2008,22
"994",994,994,82,"MRI",0,0,1,1,2008,22
"995",995,995,82,"MDA",0,0,1,1,2008,22
"996",996,996,82,"TGO",0,0,1,1,2008,22
"997",997,997,82,"VEN",0,0,1,1,2008,22
"998",998,998,1,"USA",48,26,30,104,2012,23
"999",999,999,2,"CHN",39,31,22,92,2012,23
"1000",1000,1000,3,"GBR",29,18,18,65,2012,23
"1001",1001,1001,4,"RUS",18,21,26,65,2012,23
"1002",1002,1002,5,"KOR",13,9,9,31,2012,23
"1003",1003,1003,6,"GER",11,20,13,44,2012,23
"1004",1004,1004,7,"FRA",11,11,13,35,2012,23
"1005",1005,1005,8,"AUS",8,15,12,35,2012,23
"1006",1006,1006,9,"ITA",8,9,11,28,2012,23
"1007",1007,1007,10,"HUN",8,4,6,18,2012,23
"1008",1008,1008,11,"JPN",7,14,17,38,2012,23
"1009",1009,1009,12,"IRI",7,5,1,13,2012,23
"1010",1010,1010,13,"NED",6,6,8,20,2012,23
"1011",1011,1011,14,"NZL",6,2,5,13,2012,23
"1012",1012,1012,15,"UKR",5,4,10,19,2012,23
"1013",1013,1013,16,"CUB",5,3,7,15,2012,23
"1014",1014,1014,17,"ESP",4,10,6,20,2012,23
"1015",1015,1015,18,"JAM",4,5,4,13,2012,23
"1016",1016,1016,19,"CZE",4,4,3,11,2012,23
"1017",1017,1017,20,"RSA",4,1,1,6,2012,23
"1018",1018,1018,21,"PRK",4,0,2,6,2012,23
"1019",1019,1019,22,"BRA",3,5,9,17,2012,23
"1020",1020,1020,23,"KAZ",3,2,6,11,2012,23
"1021",1021,1021,23,"POL",3,2,6,11,2012,23
"1022",1022,1022,25,"ETH",3,2,3,8,2012,23
"1023",1023,1023,26,"CRO",3,1,2,6,2012,23
"1024",1024,1024,27,"CAN",2,6,10,18,2012,23
"1025",1025,1025,28,"BLR",2,5,3,10,2012,23
"1026",1026,1026,29,"KEN",2,4,7,13,2012,23
"1027",1027,1027,30,"DEN",2,4,3,9,2012,23
"1028",1028,1028,31,"ROU",2,4,1,7,2012,23
"1029",1029,1029,32,"AZE",2,2,5,9,2012,23
"1030",1030,1030,33,"SUI",2,2,0,4,2012,23
"1031",1031,1031,34,"NOR",2,1,1,4,2012,23
"1032",1032,1032,35,"LTU",2,0,3,5,2012,23
"1033",1033,1033,36,"TUN",2,0,1,3,2012,23
"1034",1034,1034,37,"SWE",1,4,3,8,2012,23
"1035",1035,1035,38,"COL",1,3,5,9,2012,23
"1036",1036,1036,39,"MEX",1,3,4,8,2012,23
"1037",1037,1037,40,"GEO",1,2,3,6,2012,23
"1038",1038,1038,41,"IRL",1,1,4,6,2012,23
"1039",1039,1039,42,"ARG",1,1,2,4,2012,23
"1040",1040,1040,42,"SRB",1,1,2,4,2012,23
"1041",1041,1041,42,"SVN",1,1,2,4,2012,23
"1042",1042,1042,42,"TTO",1,1,2,4,2012,23
"1043",1043,1043,46,"TUR",1,1,1,3,2012,23
"1044",1044,1044,47,"DOM",1,1,0,2,2012,23
"1045",1045,1045,48,"TPE",1,0,1,2,2012,23
"1046",1046,1046,48,"LAT",1,0,1,2,2012,23
"1047",1047,1047,50,"ALG",1,0,0,1,2012,23
"1048",1048,1048,50,"BAH",1,0,0,1,2012,23
"1049",1049,1049,50,"BHR",1,0,0,1,2012,23
"1050",1050,1050,50,"GRD",1,0,0,1,2012,23
"1051",1051,1051,50,"UGA",1,0,0,1,2012,23
"1052",1052,1052,50,"VEN",1,0,0,1,2012,23
"1053",1053,1053,56,"EGY",0,3,1,4,2012,23
"1054",1054,1054,57,"IND",0,2,4,6,2012,23
"1055",1055,1055,58,"MGL",0,2,3,5,2012,23
"1056",1056,1056,59,"THA",0,2,2,4,2012,23
"1057",1057,1057,60,"BUL",0,2,1,3,2012,23
"1058",1058,1058,60,"FIN",0,2,1,3,2012,23
"1059",1059,1059,60,"INA",0,2,1,3,2012,23
"1060",1060,1060,63,"SVK",0,1,3,4,2012,23
"1061",1061,1061,64,"BEL",0,1,2,3,2012,23
"1062",1062,1062,65,"ARM",0,1,1,2,2012,23
"1063",1063,1063,65,"EST",0,1,1,2,2012,23
"1064",1064,1064,65,"MAS",0,1,1,2,2012,23
"1065",1065,1065,65,"PUR",0,1,1,2,2012,23
"1066",1066,1066,65,"QAT",0,1,1,2,2012,23
"1067",1067,1067,70,"BWA",0,1,0,1,2012,23
"1068",1068,1068,70,"CYP",0,1,0,1,2012,23
"1069",1069,1069,70,"GAB",0,1,0,1,2012,23
"1070",1070,1070,70,"GTM",0,1,0,1,2012,23
"1071",1071,1071,70,"MNE",0,1,0,1,2012,23
"1072",1072,1072,70,"POR",0,1,0,1,2012,23
"1073",1073,1073,76,"UZB",0,0,3,3,2012,23
"1074",1074,1074,77,"GRE",0,0,2,2,2012,23
"1075",1075,1075,77,"SGP",0,0,2,2,2012,23
"1076",1076,1076,79,"AFG",0,0,1,1,2012,23
"1077",1077,1077,79,"CMR",0,0,1,1,2012,23
"1078",1078,1078,79,"HKG",0,0,1,1,2012,23
"1079",1079,1079,79,"KWT",0,0,1,1,2012,23
"1080",1080,1080,79,"MAR",0,0,1,1,2012,23
"1081",1081,1081,79,"KSA",0,0,1,1,2012,23
"1082",1082,1082,79,"TJK",0,0,1,1,2012,23
"1083",1083,1083,79,"VIE",0,0,1,1,2012,23
"1084",1084,1084,1,"USA",46,37,38,121,2016,24
"1085",1085,1085,2,"GBR",27,23,17,67,2016,24
"1086",1086,1086,3,"CHN",26,18,26,70,2016,24
"1087",1087,1087,4,"RUS",19,17,20,56,2016,24
"1088",1088,1088,5,"GER",17,10,15,42,2016,24
"1089",1089,1089,6,"JPN",12,8,21,41,2016,24
"1090",1090,1090,7,"FRA",10,18,14,42,2016,24
"1091",1091,1091,8,"KOR",9,3,9,21,2016,24
"1092",1092,1092,9,"ITA",8,12,8,28,2016,24
"1093",1093,1093,10,"AUS",8,11,10,29,2016,24
"1094",1094,1094,11,"NED",8,7,4,19,2016,24
"1095",1095,1095,12,"HUN",8,3,4,15,2016,24
"1096",1096,1096,13,"BRA",7,6,6,19,2016,24
"1097",1097,1097,14,"ESP",7,4,6,17,2016,24
"1098",1098,1098,15,"KEN",6,6,1,13,2016,24
"1099",1099,1099,16,"JAM",6,3,2,11,2016,24
"1100",1100,1100,17,"CRO",5,3,2,10,2016,24
"1101",1101,1101,18,"CUB",5,2,4,11,2016,24
"1102",1102,1102,19,"NZL",4,9,5,18,2016,24
"1103",1103,1103,20,"CAN",4,3,15,22,2016,24
"1104",1104,1104,21,"UZB",4,2,7,13,2016,24
"1105",1105,1105,22,"COL",3,2,3,8,2016,24
"1106",1106,1106,23,"SUI",3,2,2,7,2016,24
"1107",1107,1107,24,"IRI",3,1,4,8,2016,24
"1108",1108,1108,25,"GRE",3,1,2,6,2016,24
"1109",1109,1109,26,"ARG",3,1,0,4,2016,24
"1110",1110,1110,27,"DEN",2,6,7,15,2016,24
"1111",1111,1111,28,"SWE",2,6,3,11,2016,24
"1112",1112,1112,29,"RSA",2,6,2,10,2016,24
"1113",1113,1113,30,"KAZ",2,5,10,17,2016,24
"1114",1114,1114,31,"UKR",2,5,4,11,2016,24
"1115",1115,1115,32,"SRB",2,4,2,8,2016,24
"1116",1116,1116,33,"POL",2,3,6,11,2016,24
"1117",1117,1117,34,"PRK",2,3,2,7,2016,24
"1118",1118,1118,35,"BEL",2,2,2,6,2016,24
"1119",1119,1119,35,"THA",2,2,2,6,2016,24
"1120",1120,1120,37,"SVK",2,2,0,4,2016,24
"1121",1121,1121,38,"GEO",2,1,4,7,2016,24
"1122",1122,1122,39,"AZE",1,7,10,18,2016,24
"1123",1123,1123,40,"BLR",1,4,4,9,2016,24
"1124",1124,1124,41,"TUR",1,3,4,8,2016,24
"1125",1125,1125,42,"ARM",1,3,0,4,2016,24
"1126",1126,1126,43,"CZE",1,2,7,10,2016,24
"1127",1127,1127,44,"ETH",1,2,5,8,2016,24
"1128",1128,1128,45,"SVN",1,2,1,4,2016,24
"1129",1129,1129,46,"INA",1,2,0,3,2016,24
"1130",1130,1130,47,"ROU",1,1,2,4,2016,24
"1131",1131,1131,48,"BHR",1,1,0,2,2016,24
"1132",1132,1132,48,"VIE",1,1,0,2,2016,24
"1133",1133,1133,50,"TPE",1,0,2,3,2016,24
"1134",1134,1134,51,"BAH",1,0,1,2,2016,24
"1135",1135,1135,51,"IOA",1,0,1,2,2016,24
"1136",1136,1136,51,"CIV",1,0,1,2,2016,24
"1137",1137,1137,54,"FJI",1,0,0,1,2016,24
"1138",1138,1138,54,"JOR",1,0,0,1,2016,24
"1139",1139,1139,54,"KOS",1,0,0,1,2016,24
"1140",1140,1140,54,"PUR",1,0,0,1,2016,24
"1141",1141,1141,54,"SGP",1,0,0,1,2016,24
"1142",1142,1142,54,"TJK",1,0,0,1,2016,24
"1143",1143,1143,60,"MAS",0,4,1,5,2016,24
"1144",1144,1144,61,"MEX",0,3,2,5,2016,24
"1145",1145,1145,62,"VEN",0,2,1,3,2016,24
"1146",1146,1146,63,"ALG",0,2,0,2,2016,24
"1147",1147,1147,63,"IRL",0,2,0,2,2016,24
"1148",1148,1148,65,"LTU",0,1,3,4,2016,24
"1149",1149,1149,66,"BUL",0,1,2,3,2016,24
"1150",1150,1150,67,"IND",0,1,1,2,2016,24
"1151",1151,1151,67,"MGL",0,1,1,2,2016,24
"1152",1152,1152,69,"BDI",0,1,0,1,2016,24
"1153",1153,1153,69,"GRD",0,1,0,1,2016,24
"1154",1154,1154,69,"NER",0,1,0,1,2016,24
"1155",1155,1155,69,"PHI",0,1,0,1,2016,24
"1156",1156,1156,69,"QAT",0,1,0,1,2016,24
"1157",1157,1157,74,"NOR",0,0,4,4,2016,24
"1158",1158,1158,75,"EGY",0,0,3,3,2016,24
"1159",1159,1159,75,"TUN",0,0,3,3,2016,24
"1160",1160,1160,77,"ISR",0,0,2,2,2016,24
"1161",1161,1161,78,"AUT",0,0,1,1,2016,24
"1162",1162,1162,78,"DOM",0,0,1,1,2016,24
"1163",1163,1163,78,"EST",0,0,1,1,2016,24
"1164",1164,1164,78,"FIN",0,0,1,1,2016,24
"1165",1165,1165,78,"MAR",0,0,1,1,2016,24
"1166",1166,1166,78,"NGR",0,0,1,1,2016,24
"1167",1167,1167,78,"POR",0,0,1,1,2016,24
"1168",1168,1168,78,"TTO",0,0,1,1,2016,24
"1169",1169,1169,78,"ARE",0,0,1,1,2016,24
"1170",1170,1170,1,"USA",39,41,33,113,2020,25
"1171",1171,1171,2,"CHN",38,32,19,89,2020,25
"1172",1172,1172,3,"JPN",27,14,17,58,2020,25
"1173",1173,1173,4,"GBR",22,20,22,64,2020,25
"1174",1174,1174,5,"ROC",20,28,23,71,2020,25
"1175",1175,1175,6,"AUS",17,7,22,46,2020,25
"1176",1176,1176,7,"NED",10,12,14,36,2020,25
"1177",1177,1177,8,"FRA",10,12,11,33,2020,25
"1178",1178,1178,9,"GER",10,11,16,37,2020,25
"1179",1179,1179,10,"ITA",10,10,20,40,2020,25
"1180",1180,1180,11,"CAN",7,7,10,24,2020,25
"1181",1181,1181,12,"BRA",7,6,8,21,2020,25
"1182",1182,1182,13,"NZL",7,6,7,20,2020,25
"1183",1183,1183,14,"CUB",7,3,5,15,2020,25
"1184",1184,1184,15,"HUN",6,7,7,20,2020,25
"1185",1185,1185,16,"KOR",6,4,10,20,2020,25
"1186",1186,1186,17,"POL",4,5,5,14,2020,25
"1187",1187,1187,18,"CZE",4,4,3,11,2020,25
"1188",1188,1188,19,"KEN",4,4,2,10,2020,25
"1189",1189,1189,20,"NOR",4,2,2,8,2020,25
"1190",1190,1190,21,"JAM",4,1,4,9,2020,25
"1191",1191,1191,22,"ESP",3,8,6,17,2020,25
"1192",1192,1192,23,"SWE",3,6,0,9,2020,25
"1193",1193,1193,24,"SUI",3,4,6,13,2020,25
"1194",1194,1194,25,"DEN",3,4,4,11,2020,25
"1195",1195,1195,26,"CRO",3,3,2,8,2020,25
"1196",1196,1196,27,"IRI",3,2,2,7,2020,25
"1197",1197,1197,28,"SRB",3,1,5,9,2020,25
"1198",1198,1198,29,"BEL",3,1,3,7,2020,25
"1199",1199,1199,30,"BUL",3,1,2,6,2020,25
"1200",1200,1200,31,"SVN",3,1,1,5,2020,25
"1201",1201,1201,32,"UZB",3,0,2,5,2020,25
"1202",1202,1202,33,"GEO",2,5,1,8,2020,25
"1203",1203,1203,34,"TPE",2,4,6,12,2020,25
"1204",1204,1204,35,"TUR",2,2,9,13,2020,25
"1205",1205,1205,36,"GRE",2,1,1,4,2020,25
"1206",1206,1206,36,"UGA",2,1,1,4,2020,25
"1207",1207,1207,38,"ECU",2,1,0,3,2020,25
"1208",1208,1208,39,"IRL",2,0,2,4,2020,25
"1209",1209,1209,39,"ISR",2,0,2,4,2020,25
"1210",1210,1210,41,"QAT",2,0,1,3,2020,25
"1211",1211,1211,42,"BAH",2,0,0,2,2020,25
"1212",1212,1212,42,"KOS",2,0,0,2,2020,25
"1213",1213,1213,44,"UKR",1,6,12,19,2020,25
"1214",1214,1214,45,"BLR",1,3,3,7,2020,25
"1215",1215,1215,46,"ROU",1,3,0,4,2020,25
"1216",1216,1216,46,"VEN",1,3,0,4,2020,25
"1217",1217,1217,48,"IND",1,2,4,7,2020,25
"1218",1218,1218,49,"HKG",1,2,3,6,2020,25
"1219",1219,1219,50,"PHI",1,2,1,4,2020,25
"1220",1220,1220,50,"SVK",1,2,1,4,2020,25
"1221",1221,1221,52,"RSA",1,2,0,3,2020,25
"1222",1222,1222,53,"AUT",1,1,5,7,2020,25
"1223",1223,1223,54,"EGY",1,1,4,6,2020,25
"1224",1224,1224,55,"INA",1,1,3,5,2020,25
"1225",1225,1225,56,"ETH",1,1,2,4,2020,25
"1226",1226,1226,56,"POR",1,1,2,4,2020,25
"1227",1227,1227,58,"TUN",1,1,0,2,2020,25
"1228",1228,1228,59,"EST",1,0,1,2,2020,25
"1229",1229,1229,59,"FJI",1,0,1,2,2020,25
"1230",1230,1230,59,"LAT",1,0,1,2,2020,25
"1231",1231,1231,59,"THA",1,0,1,2,2020,25
"1232",1232,1232,63,"BER",1,0,0,1,2020,25
"1233",1233,1233,63,"MAR",1,0,0,1,2020,25
"1234",1234,1234,63,"PUR",1,0,0,1,2020,25
"1235",1235,1235,66,"COL",0,4,1,5,2020,25
"1236",1236,1236,67,"AZE",0,3,4,7,2020,25
"1237",1237,1237,68,"DOM",0,3,2,5,2020,25
"1238",1238,1238,69,"ARM",0,2,2,4,2020,25
"1239",1239,1239,70,"KGZ",0,2,1,3,2020,25
"1240",1240,1240,71,"MGL",0,1,3,4,2020,25
"1241",1241,1241,72,"ARG",0,1,2,3,2020,25
"1242",1242,1242,72,"SMR",0,1,2,3,2020,25
"1243",1243,1243,74,"JOR",0,1,1,2,2020,25
"1244",1244,1244,74,"MAS",0,1,1,2,2020,25
"1245",1245,1245,74,"NGR",0,1,1,2,2020,25
"1246",1246,1246,77,"BHR",0,1,0,1,2020,25
"1247",1247,1247,77,"LTU",0,1,0,1,2020,25
"1248",1248,1248,77,"NAM",0,1,0,1,2020,25
"1249",1249,1249,77,"MKD",0,1,0,1,2020,25
"1250",1250,1250,77,"KSA",0,1,0,1,2020,25
"1251",1251,1251,77,"TKM",0,1,0,1,2020,25
"1252",1252,1252,83,"KAZ",0,0,8,8,2020,25
"1253",1253,1253,84,"MEX",0,0,4,4,2020,25
"1254",1254,1254,85,"FIN",0,0,2,2,2020,25
"1255",1255,1255,86,"BWA",0,0,1,1,2020,25
"1256",1256,1256,86,"BUR",0,0,1,1,2020,25
"1257",1257,1257,86,"GHA",0,0,1,1,2020,25
"1258",1258,1258,86,"GRD",0,0,1,1,2020,25
"1259",1259,1259,86,"CIV",0,0,1,1,2020,25
"1260",1260,1260,86,"KWT",0,0,1,1,2020,25
"1261",1261,1261,86,"MDA",0,0,1,1,2020,25
"1262",1262,1262,86,"SYR",0,0,1,1,2020,25
"1263",1263,1263,1,"USA",40,44,42,126,2024,26
"1264",1264,1264,2,"CHN",40,27,24,91,2024,26
"1265",1265,1265,3,"JPN",20,12,13,45,2024,26
"1266",1266,1266,4,"AUS",18,19,16,53,2024,26
"1267",1267,1267,5,"FRA",16,26,22,64,2024,26
"1268",1268,1268,6,"NED",15,7,12,34,2024,26
"1269",1269,1269,7,"GBR",14,22,29,65,2024,26
"1270",1270,1270,8,"KOR",13,9,10,32,2024,26
"1271",1271,1271,9,"ITA",12,13,15,40,2024,26
"1272",1272,1272,10,"GER",12,13,8,33,2024,26
"1273",1273,1273,11,"NZL",10,7,3,20,2024,26
"1274",1274,1274,12,"CAN",9,7,11,27,2024,26
"1275",1275,1275,13,"UZB",8,2,3,13,2024,26
"1276",1276,1276,14,"HUN",6,7,6,19,2024,26
"1277",1277,1277,15,"ESP",5,4,9,18,2024,26
"1278",1278,1278,16,"SWE",4,4,3,11,2024,26
"1279",1279,1279,17,"KEN",4,2,5,11,2024,26
"1280",1280,1280,18,"NOR",4,1,3,8,2024,26
"1281",1281,1281,19,"IRL",4,0,3,7,2024,26
"1282",1282,1282,20,"BRA",3,7,10,20,2024,26
"1283",1283,1283,21,"IRI",3,6,3,12,2024,26
"1284",1284,1284,22,"UKR",3,5,4,12,2024,26
"1285",1285,1285,23,"ROU",3,4,2,9,2024,26
"1286",1286,1286,24,"GEO",3,3,1,7,2024,26
"1287",1287,1287,25,"BEL",3,1,6,10,2024,26
"1288",1288,1288,26,"BUL",3,1,3,7,2024,26
"1289",1289,1289,27,"SRB",3,1,1,5,2024,26
"1290",1290,1290,28,"CZE",3,0,2,5,2024,26
"1291",1291,1291,29,"DEN",2,2,5,9,2024,26
"1292",1292,1292,30,"AZE",2,2,3,7,2024,26
"1293",1293,1293,30,"CRO",2,2,3,7,2024,26
"1294",1294,1294,32,"CUB",2,1,6,9,2024,26
"1295",1295,1295,33,"BHR",2,1,1,4,2024,26
"1296",1296,1296,34,"SVN",2,1,0,3,2024,26
"1297",1297,1297,35,"TPE",2,0,5,7,2024,26
"1298",1298,1298,36,"AUT",2,0,3,5,2024,26
"1299",1299,1299,37,"HKG",2,0,2,4,2024,26
"1300",1300,1300,37,"PHI",2,0,2,4,2024,26
"1301",1301,1301,39,"ALG",2,0,1,3,2024,26
"1302",1302,1302,39,"INA",2,0,1,3,2024,26
"1303",1303,1303,41,"ISR",1,5,1,7,2024,26
"1304",1304,1304,42,"POL",1,4,5,10,2024,26
"1305",1305,1305,43,"KAZ",1,3,3,7,2024,26
"1306",1306,1306,44,"JAM",1,3,2,6,2024,26
"1307",1307,1307,44,"RSA",1,3,2,6,2024,26
"1308",1308,1308,44,"THA",1,3,2,6,2024,26
"1309",1309,1309,47,"ETH",1,3,0,4,2024,26
"1310",1310,1310,48,"SUI",1,2,5,8,2024,26
"1311",1311,1311,49,"ECU",1,2,2,5,2024,26
"1312",1312,1312,50,"POR",1,2,1,4,2024,26
"1313",1313,1313,51,"GRE",1,1,6,8,2024,26
"1314",1314,1314,52,"ARG",1,1,1,3,2024,26
"1315",1315,1315,52,"EGY",1,1,1,3,2024,26
"1316",1316,1316,52,"TUN",1,1,1,3,2024,26
"1317",1317,1317,55,"BWA",1,1,0,2,2024,26
"1318",1318,1318,55,"CHI",1,1,0,2,2024,26
"1319",1319,1319,55,"LCA",1,1,0,2,2024,26
"1320",1320,1320,55,"UGA",1,1,0,2,2024,26
"1321",1321,1321,59,"DOM",1,0,2,3,2024,26
"1322",1322,1322,60,"GTM",1,0,1,2,2024,26
"1323",1323,1323,60,"MAR",1,0,1,2,2024,26
"1324",1324,1324,62,"DMA",1,0,0,1,2024,26
"1325",1325,1325,62,"PAK",1,0,0,1,2024,26
"1326",1326,1326,64,"TUR",0,3,5,8,2024,26
"1327",1327,1327,65,"MEX",0,3,2,5,2024,26
"1328",1328,1328,66,"ARM",0,3,1,4,2024,26
"1329",1329,1329,66,"COL",0,3,1,4,2024,26
"1330",1330,1330,68,"KGZ",0,2,4,6,2024,26
"1331",1331,1331,68,"PRK",0,2,4,6,2024,26
"1332",1332,1332,70,"LTU",0,2,2,4,2024,26
"1333",1333,1333,71,"IND",0,1,5,6,2024,26
"1334",1334,1334,72,"MDA",0,1,3,4,2024,26
"1335",1335,1335,73,"KOS",0,1,1,2,2024,26
"1336",1336,1336,74,"CYP",0,1,0,1,2024,26
"1337",1337,1337,74,"FJI",0,1,0,1,2024,26
"1338",1338,1338,74,"JOR",0,1,0,1,2024,26
"1339",1339,1339,74,"MGL",0,1,0,1,2024,26
"1340",1340,1340,74,"PAN",0,1,0,1,2024,26
"1341",1341,1341,79,"TJK",0,0,3,3,2024,26
"1342",1342,1342,80,"ALB",0,0,2,2,2024,26
"1343",1343,1343,80,"GRD",0,0,2,2,2024,26
"1344",1344,1344,80,"MAS",0,0,2,2,2024,26
"1345",1345,1345,80,"PUR",0,0,2,2,2024,26
"1346",1346,1346,84,"CPV",0,0,1,1,2024,26
"1347",1347,1347,84,"CIV",0,0,1,1,2024,26
"1348",1348,1348,84,"PER",0,0,1,1,2024,26
"1349",1349,1349,84,"QAT",0,0,1,1,2024,26
"1350",1350,1350,84,"ROT",0,0,1,1,2024,26
"1351",1351,1351,84,"SGP",0,0,1,1,2024,26
"1352",1352,1352,84,"SVK",0,0,1,1,2024,26
"1353",1353,1353,84,"ZAM",0,0,1,1,2024,26
